,JFK
0,0.23278084714548802
1,0.23278084714548802
2,0.23278084714548802
3,0.23278084714548802
4,0.23278084714548802
5,0.23278084714548802
6,0.23278084714548802
7,0.23278084714548802
8,0.23278084714548802
9,0.23278084714548802
10,0.23278084714548802
11,0.23278084714548802
12,0.23278084714548802
13,0.23278084714548802
14,0.23278084714548802
15,0.23278084714548802
16,0.23278084714548802
17,0.23278084714548802
18,0.23278084714548802
19,0.23278084714548802
20,0.23278084714548802
21,0.23278084714548802
22,0.23278084714548802
23,0.23278084714548802
24,0.23278084714548802
25,0.23278084714548802
26,0.23278084714548802
27,0.23278084714548802
28,0.23278084714548802
29,0.23278084714548802
30,0.23278084714548797
31,0.23278084714548802
32,0.23278084714548802
33,0.23278084714548802
34,0.23278084714548802
35,0.23278084714548797
36,0.23278084714548802
37,0.23278084714548802
38,0.23278084714548802
39,0.23278084714548802
40,0.23278084714548802
41,0.23278084714548802
42,0.23278084714548802
43,0.23278084714548802
44,0.23278084714548802
45,0.23278084714548802
46,0.23278084714548802
47,0.23278084714548802
48,0.23278084714548802
49,0.23278084714548802
50,0.23278084714548802
51,0.23278084714548802
52,0.23278084714548802
53,0.23278084714548802
54,0.23278084714548802
55,0.23278084714548802
56,0.23278084714548802
57,0.23278084714548802
58,0.23278084714548802
59,0.23278084714548797
60,0.23278084714548802
61,0.23278084714548802
62,0.23278084714548802
63,0.23278084714548797
64,0.23278084714548802
65,0.23278084714548802
66,0.23278084714548802
67,0.23278084714548802
68,0.23278084714548802
69,0.23278084714548802
70,0.23278084714548802
71,0.23278084714548802
72,0.23278084714548802
73,0.23278084714548802
74,0.23278084714548802
75,0.23278084714548802
76,0.23278084714548802
77,0.23278084714548802
78,0.23278084714548802
79,0.23278084714548802
80,0.23278084714548802
81,0.23278084714548802
82,0.23278084714548802
83,0.23278084714548802
84,0.23278084714548802
85,0.23278084714548802
86,0.23278084714548802
87,0.23278084714548802
88,0.23278084714548802
89,0.23278084714548802
90,0.23278084714548802
91,0.23278084714548802
92,0.23278084714548802
93,0.23278084714548802
94,0.23278084714548802
95,0.23278084714548802
96,0.23278084714548802
97,0.23278084714548802
98,0.23278084714548802
99,0.23278084714548802
100,0.23278084714548802
101,0.23278084714548802
102,0.23278084714548802
103,0.23278084714548802
104,0.23278084714548802
105,0.23278084714548802
106,0.23278084714548802
107,0.23278084714548802
108,0.23278084714548802
109,0.23278084714548802
110,0.23278084714548802
111,0.23278084714548802
112,0.23278084714548802
113,0.23278084714548802
114,0.23278084714548802
115,0.23278084714548802
116,0.23278084714548802
117,0.23278084714548802
118,0.23278084714548802
119,0.23278084714548802
120,0.23278084714548802
121,0.23278084714548802
122,0.23278084714548802
123,0.23278084714548802
124,0.23278084714548802
125,0.23278084714548802
126,0.23278084714548802
127,0.23278084714548797
128,0.23278084714548802
129,0.23278084714548802
130,0.23278084714548802
131,0.23278084714548802
132,0.23278084714548802
133,0.23278084714548802
134,0.23278084714548802
135,0.23278084714548802
136,0.23278084714548797
137,0.23278084714548802
138,0.23278084714548802
139,0.23278084714548802
140,0.23278084714548797
141,0.23278084714548802
142,0.23278084714548802
143,0.23278084714548802
144,0.23278084714548802
145,0.23278084714548802
146,0.23278084714548797
147,0.23278084714548802
148,0.23278084714548802
149,0.23278084714548802
150,0.23278084714548802
151,0.23278084714548802
152,0.23278084714548802
153,0.23278084714548802
154,0.23278084714548802
155,0.23278084714548797
156,0.23278084714548802
157,0.23278084714548802
158,0.23278084714548802
159,0.23278084714548802
160,0.23278084714548802
161,0.23278084714548802
162,0.23278084714548802
163,0.23278084714548802
164,0.23278084714548802
165,0.23278084714548802
166,0.23278084714548802
167,0.23278084714548802
168,0.23278084714548802
169,0.23278084714548802
170,0.23278084714548802
171,0.23278084714548802
172,0.23278084714548802
173,0.23278084714548802
174,0.23278084714548802
175,0.23278084714548802
176,0.23278084714548802
177,0.23278084714548802
178,0.23278084714548802
179,0.23278084714548802
180,0.23278084714548802
181,0.23278084714548802
182,0.23278084714548802
183,0.23278084714548802
184,0.23278084714548802
185,0.23278084714548802
186,0.23278084714548802
187,0.23278084714548802
188,0.23278084714548802
189,0.23278084714548802
190,0.23278084714548802
191,0.23278084714548802
192,0.23278084714548797
193,0.23278084714548802
194,0.23278084714548802
195,0.23278084714548802
196,0.23278084714548802
197,0.23278084714548802
198,0.23278084714548802
199,0.23278084714548802
200,0.23278084714548802
201,0.23278084714548802
202,0.23278084714548802
203,0.23278084714548802
204,0.23278084714548802
205,0.23278084714548802
206,0.23278084714548802
207,0.23278084714548802
208,0.23278084714548802
209,0.23278084714548802
210,0.23278084714548802
211,0.23278084714548802
212,0.23278084714548802
213,0.23278084714548802
214,0.23278084714548802
215,0.23278084714548802
216,0.23278084714548802
217,0.23278084714548802
218,0.23278084714548802
219,0.23278084714548802
220,0.23278084714548802
221,0.23278084714548802
222,0.23278084714548802
223,0.23278084714548802
224,0.23278084714548802
225,0.23278084714548802
226,0.23278084714548802
227,0.23278084714548802
228,0.23278084714548802
229,0.23278084714548797
230,0.23278084714548802
231,0.23278084714548802
232,0.23278084714548802
233,0.23278084714548802
234,0.23278084714548802
235,0.23278084714548802
236,0.23278084714548802
237,0.23278084714548802
238,0.23278084714548802
239,0.23278084714548802
240,0.23278084714548802
241,0.23278084714548802
242,0.23278084714548802
243,0.23278084714548802
244,0.23278084714548802
245,0.23278084714548802
246,0.23278084714548802
247,0.23278084714548802
248,0.23278084714548802
249,0.23278084714548802
250,0.23278084714548802
251,0.23278084714548802
252,0.23278084714548802
253,0.23278084714548802
254,0.23278084714548802
255,0.23278084714548802
256,0.23278084714548802
257,0.23278084714548802
258,0.23278084714548802
259,0.23278084714548802
260,0.23278084714548802
261,0.23278084714548802
262,0.23278084714548802
263,0.23278084714548802
264,0.23278084714548802
265,0.23278084714548802
266,0.23278084714548802
267,0.23278084714548802
268,0.23278084714548802
269,0.23278084714548802
270,0.23278084714548802
271,0.23278084714548802
272,0.23278084714548802
273,0.23278084714548802
274,0.23278084714548802
275,0.23278084714548802
276,0.23278084714548797
277,0.23278084714548802
278,0.23278084714548802
279,0.23278084714548802
280,0.23278084714548802
281,0.23278084714548802
282,0.23278084714548797
283,0.23278084714548802
284,0.23278084714548802
285,0.23278084714548802
286,0.23278084714548802
287,0.23278084714548802
288,0.23278084714548802
289,0.23278084714548802
290,0.23278084714548802
291,0.23278084714548802
292,0.23278084714548802
293,0.23278084714548802
294,0.23278084714548802
295,0.23278084714548802
296,0.23278084714548802
297,0.23278084714548802
298,0.23278084714548802
299,0.23278084714548802
300,0.23278084714548802
301,0.23278084714548802
302,0.23278084714548802
303,0.23278084714548802
304,0.23278084714548802
305,0.23278084714548802
306,0.23278084714548802
307,0.23278084714548802
308,0.23278084714548802
309,0.23278084714548802
310,0.23278084714548797
311,0.23278084714548802
312,0.23278084714548802
313,0.23278084714548802
314,0.23278084714548802
315,0.23278084714548802
316,0.23278084714548802
317,0.23278084714548802
318,0.23278084714548802
319,0.23278084714548802
320,0.23278084714548802
321,0.23278084714548802
322,0.23278084714548802
323,0.23278084714548802
324,0.23278084714548802
325,0.23278084714548802
326,0.23278084714548802
327,0.23278084714548802
328,0.23278084714548802
329,0.23278084714548802
330,0.23278084714548802
331,0.23278084714548802
332,0.23278084714548802
333,0.23278084714548802
334,0.23278084714548802
335,0.23278084714548802
336,0.23278084714548802
337,0.23278084714548802
338,0.23278084714548802
339,0.23278084714548802
340,0.23278084714548802
341,0.23278084714548802
342,0.23278084714548802
343,0.23278084714548802
344,0.23278084714548802
345,0.23278084714548802
346,0.23278084714548802
347,0.23278084714548802
348,0.23278084714548802
349,0.23278084714548802
350,0.23278084714548802
351,0.23278084714548802
352,0.23278084714548802
353,0.23278084714548802
354,0.23278084714548802
355,0.23278084714548802
356,0.23278084714548802
357,0.23278084714548802
358,0.23278084714548802
359,0.23278084714548802
360,0.23278084714548802
361,0.23278084714548802
362,0.23278084714548802
363,0.23278084714548802
364,0.23278084714548802
365,0.23278084714548802
366,0.23278084714548802
367,0.23278084714548802
368,0.23278084714548802
369,0.23278084714548802
370,0.23278084714548802
371,0.23278084714548802
372,0.23278084714548802
373,0.23278084714548802
374,0.23278084714548802
375,0.23278084714548802
376,0.23278084714548802
377,0.23278084714548802
378,0.23278084714548802
379,0.23278084714548802
380,0.23278084714548802
381,0.23278084714548802
382,0.23278084714548802
383,0.23278084714548802
384,0.23278084714548802
385,0.23278084714548802
386,0.23278084714548802
387,0.23278084714548802
388,0.23278084714548802
389,0.23278084714548797
390,0.23278084714548802
391,0.23278084714548802
392,0.23278084714548802
393,0.23278084714548802
394,0.23278084714548802
395,0.23278084714548802
396,0.23278084714548802
397,0.23278084714548802
398,0.23278084714548802
399,0.23278084714548802
400,0.23278084714548802
401,0.23278084714548802
402,0.23278084714548802
403,0.23278084714548802
404,0.23278084714548802
405,0.23278084714548802
406,0.23278084714548802
407,0.23278084714548802
408,0.23278084714548802
409,0.23278084714548802
410,0.23278084714548802
411,0.23278084714548802
412,0.23278084714548802
413,0.23278084714548802
414,0.23278084714548802
415,0.23278084714548802
416,0.23278084714548802
417,0.23278084714548802
418,0.23278084714548802
419,0.23278084714548802
420,0.23278084714548802
421,0.23278084714548802
422,0.23278084714548802
423,0.23278084714548802
424,0.23278084714548802
425,0.23278084714548802
426,0.23278084714548802
427,0.23278084714548802
428,0.23278084714548802
429,0.23278084714548802
430,0.23278084714548797
431,0.23278084714548802
432,0.23278084714548802
433,0.23278084714548797
434,0.23278084714548802
435,0.23278084714548802
436,0.23278084714548802
437,0.23278084714548802
438,0.23278084714548802
439,0.23278084714548802
440,0.23278084714548802
441,0.23278084714548802
442,0.23278084714548802
443,0.23278084714548802
444,0.23278084714548802
445,0.23278084714548802
446,0.23278084714548802
447,0.23278084714548802
448,0.23278084714548802
449,0.23278084714548802
450,0.23278084714548802
451,0.23278084714548797
452,0.23278084714548802
453,0.23278084714548802
454,0.23278084714548802
455,0.23278084714548802
456,0.23278084714548802
457,0.23278084714548802
458,0.23278084714548802
459,0.23278084714548802
460,0.23278084714548802
461,0.23278084714548802
462,0.23278084714548802
463,0.23278084714548802
464,0.23278084714548802
465,0.23278084714548802
466,0.23278084714548802
467,0.23278084714548802
468,0.23278084714548802
469,0.23278084714548802
470,0.23278084714548802
471,0.23278084714548802
472,0.23278084714548802
473,0.23278084714548802
474,0.23278084714548802
475,0.23278084714548802
476,0.23278084714548802
477,0.23278084714548797
478,0.23278084714548802
479,0.23278084714548802
480,0.23278084714548802
481,0.23278084714548802
482,0.23278084714548802
483,0.23278084714548802
484,0.23278084714548802
485,0.23278084714548802
486,0.23278084714548802
487,0.23278084714548802
488,0.23278084714548802
489,0.23278084714548802
490,0.23278084714548802
491,0.23278084714548802
492,0.23278084714548797
493,0.23278084714548802
494,0.23278084714548797
495,0.23278084714548802
496,0.23278084714548802
497,0.23278084714548802
498,0.23278084714548802
499,0.23278084714548802
500,0.23278084714548802
501,0.23278084714548802
502,0.23278084714548802
503,0.23278084714548802
504,0.23278084714548802
505,0.23278084714548802
506,0.23278084714548802
507,0.23278084714548802
508,0.23278084714548802
509,0.23278084714548802
510,0.23278084714548802
511,0.23278084714548802
512,0.23278084714548802
513,0.23278084714548802
514,0.23278084714548802
515,0.23278084714548802
516,0.23278084714548802
517,0.23278084714548802
518,0.23278084714548802
519,0.23278084714548802
520,0.23278084714548802
521,0.23278084714548802
522,0.23278084714548802
523,0.23278084714548802
524,0.23278084714548802
525,0.23278084714548802
526,0.23278084714548802
527,0.23278084714548802
528,0.23278084714548802
529,0.23278084714548802
530,0.23278084714548802
531,0.23278084714548802
532,0.23278084714548802
533,0.23278084714548802
534,0.23278084714548802
535,0.23278084714548797
536,0.23278084714548802
537,0.23278084714548802
538,0.23278084714548802
539,0.23278084714548802
540,0.23278084714548802
541,0.23278084714548802
542,0.23278084714548802
543,0.23278084714548802
544,0.23278084714548802
545,0.23278084714548802
546,0.23278084714548802
547,0.23278084714548802
548,0.23278084714548802
549,0.23278084714548802
550,0.23278084714548802
551,0.23278084714548802
552,0.23278084714548802
553,0.23278084714548802
554,0.23278084714548802
555,0.23278084714548802
556,0.23278084714548802
557,0.23278084714548802
558,0.23278084714548802
559,0.23278084714548802
560,0.23278084714548802
561,0.23278084714548802
562,0.23278084714548802
563,0.23278084714548802
564,0.23278084714548802
565,0.23278084714548802
566,0.23278084714548802
567,0.23278084714548802
568,0.23278084714548802
569,0.23278084714548802
570,0.23278084714548802
571,0.23278084714548797
572,0.23278084714548802
573,0.23278084714548802
574,0.23278084714548802
575,0.23278084714548802
576,0.23278084714548802
577,0.23278084714548797
578,0.23278084714548802
579,0.23278084714548802
580,0.23278084714548802
581,0.23278084714548802
582,0.23278084714548802
583,0.23278084714548802
584,0.23278084714548802
585,0.23278084714548802
586,0.23278084714548802
587,0.23278084714548797
588,0.23278084714548802
589,0.23278084714548802
590,0.23278084714548802
591,0.23278084714548802
592,0.23278084714548802
593,0.23278084714548802
594,0.23278084714548802
595,0.23278084714548802
596,0.23278084714548802
597,0.23278084714548802
598,0.23278084714548802
599,0.23278084714548802
600,0.23278084714548802
601,0.23278084714548802
602,0.23278084714548802
603,0.23278084714548802
604,0.23278084714548802
605,0.23278084714548802
606,0.23278084714548802
607,0.23278084714548802
608,0.23278084714548802
609,0.23278084714548802
610,0.23278084714548802
611,0.23278084714548802
612,0.23278084714548802
613,0.23278084714548802
614,0.23278084714548802
615,0.23278084714548802
616,0.23278084714548802
617,0.23278084714548802
618,0.23278084714548802
619,0.23278084714548802
620,0.23278084714548802
621,0.23278084714548802
622,0.23278084714548802
623,0.23278084714548802
624,0.23278084714548802
625,0.23278084714548802
626,0.23278084714548802
627,0.23278084714548802
628,0.23278084714548802
629,0.23278084714548802
630,0.23278084714548802
631,0.23278084714548802
632,0.23278084714548802
633,0.23278084714548802
634,0.23278084714548802
635,0.23278084714548802
636,0.23278084714548802
637,0.23278084714548802
638,0.23278084714548802
639,0.23278084714548802
640,0.23278084714548802
641,0.23278084714548802
642,0.23278084714548802
643,0.23278084714548802
644,0.23278084714548802
645,0.23278084714548802
646,0.23278084714548802
647,0.23278084714548802
648,0.23278084714548802
649,0.23278084714548802
650,0.23278084714548802
651,0.23278084714548802
652,0.23278084714548802
653,0.23278084714548802
654,0.23278084714548802
655,0.23278084714548802
656,0.23278084714548802
657,0.23278084714548802
658,0.23278084714548802
659,0.23278084714548802
660,0.23278084714548802
661,0.23278084714548802
662,0.23278084714548802
663,0.23278084714548802
664,0.23278084714548802
665,0.23278084714548802
666,0.23278084714548802
667,0.23278084714548802
668,0.23278084714548802
669,0.23278084714548802
670,0.23278084714548802
671,0.23278084714548802
672,0.23278084714548802
673,0.23278084714548802
674,0.23278084714548802
675,0.23278084714548802
676,0.23278084714548802
677,0.23278084714548802
678,0.23278084714548802
679,0.23278084714548802
680,0.23278084714548802
681,0.23278084714548802
682,0.23278084714548802
683,0.23278084714548802
684,0.23278084714548802
685,0.23278084714548802
686,0.23278084714548802
687,0.23278084714548802
688,0.23278084714548802
689,0.23278084714548802
690,0.23278084714548802
691,0.23278084714548802
692,0.23278084714548802
693,0.23278084714548802
694,0.23278084714548802
695,0.23278084714548802
696,0.23278084714548802
697,0.23278084714548802
698,0.23278084714548802
699,0.23278084714548802
700,0.23278084714548802
701,0.23278084714548802
702,0.23278084714548802
703,0.23278084714548802
704,0.23278084714548802
705,0.23278084714548802
706,0.23278084714548797
707,0.23278084714548802
708,0.23278084714548802
709,0.23278084714548802
710,0.23278084714548802
711,0.23278084714548802
712,0.23278084714548802
713,0.23278084714548802
714,0.23278084714548802
715,0.23278084714548802
716,0.23278084714548802
717,0.23278084714548802
718,0.23278084714548802
719,0.23278084714548802
720,0.23278084714548802
721,0.23278084714548802
722,0.23278084714548802
723,0.23278084714548802
724,0.23278084714548802
725,0.23278084714548802
726,0.23278084714548797
727,0.23278084714548802
728,0.23278084714548802
729,0.23278084714548802
730,0.23278084714548802
731,0.23278084714548802
732,0.23278084714548802
733,0.23278084714548802
734,0.23278084714548802
735,0.23278084714548802
736,0.23278084714548802
737,0.23278084714548802
738,0.23278084714548802
739,0.23278084714548802
740,0.23278084714548802
741,0.23278084714548802
742,0.23278084714548802
743,0.23278084714548802
744,0.23278084714548802
745,0.23278084714548802
746,0.23278084714548802
747,0.23278084714548802
748,0.23278084714548802
749,0.23278084714548802
750,0.23278084714548802
751,0.23278084714548802
752,0.23278084714548802
753,0.23278084714548797
754,0.23278084714548802
755,0.23278084714548802
756,0.23278084714548802
757,0.23278084714548802
758,0.23278084714548802
759,0.23278084714548802
760,0.23278084714548802
761,0.23278084714548802
762,0.23278084714548802
763,0.23278084714548802
764,0.23278084714548802
765,0.23278084714548802
766,0.23278084714548802
767,0.23278084714548802
768,0.23278084714548802
769,0.23278084714548802
770,0.23278084714548802
771,0.23278084714548802
772,0.23278084714548802
773,0.23278084714548802
774,0.23278084714548802
775,0.23278084714548802
776,0.23278084714548802
777,0.23278084714548802
778,0.23278084714548802
779,0.23278084714548797
780,0.23278084714548802
781,0.23278084714548802
782,0.23278084714548802
783,0.23278084714548802
784,0.23278084714548802
785,0.23278084714548802
786,0.23278084714548802
787,0.23278084714548802
788,0.23278084714548802
789,0.23278084714548802
790,0.23278084714548802
791,0.23278084714548802
792,0.23278084714548802
793,0.23278084714548802
794,0.23278084714548802
795,0.23278084714548802
796,0.23278084714548802
797,0.23278084714548802
798,0.23278084714548802
799,0.23278084714548802
800,0.23278084714548802
801,0.23278084714548802
802,0.23278084714548802
803,0.23278084714548802
804,0.23278084714548802
805,0.23278084714548802
806,0.23278084714548802
807,0.23278084714548802
808,0.23278084714548802
809,0.23278084714548797
810,0.23278084714548802
811,0.23278084714548802
812,0.23278084714548802
813,0.23278084714548802
814,0.23278084714548802
815,0.23278084714548802
816,0.23278084714548802
817,0.23278084714548802
818,0.23278084714548802
819,0.23278084714548802
820,0.23278084714548802
821,0.23278084714548802
822,0.23278084714548802
823,0.23278084714548802
824,0.23278084714548802
825,0.23278084714548802
826,0.23278084714548802
827,0.23278084714548802
828,0.23278084714548802
829,0.23278084714548802
830,0.23278084714548802
831,0.23278084714548802
832,0.23278084714548802
833,0.23278084714548802
834,0.23278084714548802
835,0.23278084714548802
836,0.23278084714548802
837,0.23278084714548802
838,0.23278084714548802
839,0.23278084714548802
840,0.23278084714548802
841,0.23278084714548802
842,0.23278084714548802
843,0.23278084714548802
844,0.23278084714548802
845,0.23278084714548802
846,0.23278084714548802
847,0.23278084714548802
848,0.23278084714548802
849,0.23278084714548802
850,0.23278084714548802
851,0.23278084714548802
852,0.23278084714548802
853,0.23278084714548802
854,0.23278084714548802
855,0.23278084714548802
856,0.23278084714548802
857,0.23278084714548802
858,0.23278084714548802
859,0.23278084714548802
860,0.23278084714548802
861,0.23278084714548802
862,0.23278084714548802
863,0.23278084714548802
864,0.23278084714548802
865,0.23278084714548802
866,0.23278084714548802
867,0.23278084714548802
868,0.23278084714548802
869,0.23278084714548802
870,0.23278084714548802
871,0.23278084714548802
872,0.23278084714548802
873,0.23278084714548802
874,0.23278084714548802
875,0.23278084714548802
876,0.23278084714548802
877,0.23278084714548802
878,0.23278084714548802
879,0.23278084714548802
880,0.23278084714548802
881,0.23278084714548802
882,0.23278084714548802
883,0.23278084714548802
884,0.23278084714548797
885,0.23278084714548802
886,0.23278084714548802
887,0.23278084714548802
888,0.23278084714548802
889,0.23278084714548802
890,0.23278084714548802
891,0.23278084714548802
892,0.23278084714548802
893,0.23278084714548802
894,0.23278084714548802
895,0.23278084714548802
896,0.23278084714548802
897,0.23278084714548802
898,0.23278084714548802
899,0.23278084714548802
900,0.23278084714548802
901,0.23278084714548802
902,0.23278084714548802
903,0.23278084714548802
904,0.23278084714548802
905,0.23278084714548802
906,0.23278084714548802
907,0.23278084714548802
908,0.23278084714548802
909,0.23278084714548802
910,0.23278084714548802
911,0.23278084714548802
912,0.23278084714548802
913,0.23278084714548802
914,0.23278084714548802
915,0.23278084714548802
916,0.23278084714548802
917,0.23278084714548802
918,0.23278084714548802
919,0.23278084714548802
920,0.23278084714548802
921,0.23278084714548802
922,0.23278084714548802
923,0.23278084714548802
924,0.23278084714548797
925,0.23278084714548802
926,0.23278084714548802
927,0.23278084714548802
928,0.23278084714548802
929,0.23278084714548802
930,0.23278084714548802
931,0.23278084714548802
932,0.23278084714548802
933,0.23278084714548802
934,0.23278084714548802
935,0.23278084714548802
936,0.23278084714548802
937,0.23278084714548802
938,0.23278084714548802
939,0.23278084714548802
940,0.23278084714548802
941,0.23278084714548802
942,0.23278084714548802
943,0.23278084714548802
944,0.23278084714548802
945,0.23278084714548802
946,0.23278084714548802
947,0.23278084714548802
948,0.23278084714548802
949,0.23278084714548802
950,0.23278084714548802
951,0.23278084714548802
952,0.23278084714548802
953,0.23278084714548802
954,0.23278084714548802
955,0.23278084714548802
956,0.23278084714548802
957,0.23278084714548802
958,0.23278084714548802
959,0.23278084714548802
960,0.23278084714548802
961,0.23278084714548802
962,0.23278084714548802
963,0.23278084714548802
964,0.23278084714548802
965,0.23278084714548802
966,0.23278084714548802
967,0.23278084714548802
968,0.23278084714548802
969,0.23278084714548802
970,0.23278084714548802
971,0.23278084714548802
972,0.23278084714548802
973,0.23278084714548802
974,0.23278084714548802
975,0.23278084714548802
976,0.23278084714548802
977,0.23278084714548802
978,0.23278084714548802
979,0.23278084714548802
980,0.23278084714548802
981,0.23278084714548802
982,0.23278084714548802
983,0.23278084714548802
984,0.23278084714548802
985,0.23278084714548802
986,0.23278084714548802
987,0.23278084714548802
988,0.23278084714548802
989,0.23278084714548802
990,0.23278084714548802
991,0.23278084714548802
992,0.23278084714548802
993,0.23278084714548802
994,0.23278084714548802
995,0.23278084714548802
996,0.23278084714548802
997,0.23278084714548802
998,0.23278084714548802
999,0.23278084714548802
1000,0.23278084714548802
1001,0.23278084714548802
1002,0.23278084714548802
1003,0.23278084714548802
1004,0.23278084714548802
1005,0.23278084714548802
1006,0.23278084714548802
1007,0.23278084714548802
1008,0.23278084714548802
1009,0.23278084714548802
1010,0.23278084714548802
1011,0.23278084714548802
1012,0.23278084714548802
1013,0.23278084714548802
1014,0.23278084714548802
1015,0.23278084714548802
1016,0.23278084714548802
1017,0.23278084714548802
1018,0.23278084714548802
1019,0.23278084714548802
1020,0.23278084714548802
1021,0.23278084714548802
1022,0.23278084714548802
1023,0.23278084714548802
1024,0.23278084714548802
1025,0.23278084714548802
1026,0.23278084714548802
1027,0.23278084714548802
1028,0.23278084714548802
1029,0.23278084714548802
1030,0.23278084714548802
1031,0.23278084714548802
1032,0.23278084714548802
1033,0.23278084714548802
1034,0.23278084714548802
1035,0.23278084714548802
1036,0.23278084714548802
1037,0.23278084714548802
1038,0.23278084714548802
1039,0.23278084714548802
1040,0.23278084714548802
1041,0.23278084714548802
1042,0.23278084714548802
1043,0.23278084714548802
1044,0.23278084714548802
1045,0.23278084714548802
1046,0.23278084714548802
1047,0.23278084714548802
1048,0.23278084714548802
1049,0.23278084714548802
1050,0.23278084714548802
1051,0.23278084714548802
1052,0.23278084714548802
1053,0.23278084714548802
1054,0.23278084714548802
1055,0.23278084714548802
1056,0.23278084714548802
1057,0.23278084714548797
1058,0.23278084714548802
1059,0.23278084714548802
1060,0.23278084714548802
1061,0.23278084714548802
1062,0.23278084714548802
1063,0.23278084714548802
1064,0.23278084714548802
1065,0.23278084714548802
1066,0.23278084714548802
1067,0.23278084714548797
1068,0.23278084714548802
1069,0.23278084714548802
1070,0.23278084714548802
1071,0.23278084714548802
1072,0.23278084714548802
1073,0.23278084714548802
1074,0.23278084714548802
1075,0.23278084714548802
1076,0.23278084714548802
1077,0.23278084714548802
1078,0.23278084714548802
1079,0.23278084714548802
1080,0.23278084714548802
1081,0.23278084714548802
1082,0.23278084714548802
1083,0.23278084714548802
1084,0.23278084714548802
1085,0.23278084714548802
1086,0.23278084714548802
1087,0.23278084714548802
1088,0.23278084714548802
1089,0.23278084714548802
1090,0.23278084714548802
1091,0.23278084714548802
1092,0.23278084714548802
1093,0.23278084714548802
1094,0.23278084714548802
1095,0.23278084714548802
1096,0.23278084714548802
1097,0.23278084714548802
1098,0.23278084714548802
1099,0.23278084714548802
1100,0.23278084714548802
1101,0.23278084714548802
1102,0.23278084714548802
1103,0.23278084714548802
1104,0.23278084714548802
1105,0.23278084714548802
1106,0.23278084714548802
1107,0.23278084714548802
1108,0.23278084714548802
1109,0.23278084714548802
1110,0.23278084714548802
1111,0.23278084714548802
1112,0.23278084714548802
1113,0.23278084714548802
1114,0.23278084714548802
1115,0.23278084714548802
1116,0.23278084714548802
1117,0.23278084714548802
1118,0.23278084714548802
1119,0.23278084714548802
1120,0.23278084714548802
1121,0.23278084714548802
1122,0.23278084714548802
1123,0.23278084714548802
1124,0.23278084714548802
1125,0.23278084714548802
1126,0.23278084714548802
1127,0.23278084714548802
1128,0.23278084714548802
1129,0.23278084714548802
1130,0.23278084714548802
1131,0.23278084714548802
1132,0.23278084714548802
1133,0.23278084714548802
1134,0.23278084714548802
1135,0.23278084714548802
1136,0.23278084714548802
1137,0.23278084714548802
1138,0.23278084714548802
1139,0.23278084714548802
1140,0.23278084714548802
1141,0.23278084714548802
1142,0.23278084714548802
1143,0.23278084714548802
1144,0.23278084714548797
1145,0.23278084714548802
1146,0.23278084714548802
1147,0.23278084714548802
1148,0.23278084714548802
1149,0.23278084714548802
1150,0.23278084714548802
1151,0.23278084714548802
1152,0.23278084714548802
1153,0.23278084714548802
1154,0.23278084714548802
1155,0.23278084714548802
1156,0.23278084714548802
1157,0.23278084714548802
1158,0.23278084714548802
1159,0.23278084714548802
1160,0.23278084714548802
1161,0.23278084714548802
1162,0.23278084714548802
1163,0.23278084714548802
1164,0.23278084714548802
1165,0.23278084714548802
1166,0.23278084714548802
1167,0.23278084714548802
1168,0.23278084714548802
1169,0.23278084714548802
1170,0.23278084714548802
1171,0.23278084714548802
1172,0.23278084714548802
1173,0.23278084714548802
1174,0.23278084714548802
1175,0.23278084714548802
1176,0.23278084714548802
1177,0.23278084714548802
1178,0.23278084714548797
1179,0.23278084714548802
1180,0.23278084714548802
1181,0.23278084714548802
1182,0.23278084714548797
1183,0.23278084714548802
1184,0.23278084714548802
1185,0.23278084714548802
1186,0.23278084714548802
1187,0.23278084714548802
1188,0.23278084714548802
1189,0.23278084714548802
1190,0.23278084714548802
1191,0.23278084714548802
1192,0.23278084714548802
1193,0.23278084714548802
1194,0.23278084714548802
1195,0.23278084714548802
1196,0.23278084714548802
1197,0.23278084714548802
1198,0.23278084714548802
1199,0.23278084714548802
1200,0.23278084714548802
1201,0.23278084714548802
1202,0.23278084714548802
1203,0.23278084714548802
1204,0.23278084714548802
1205,0.23278084714548802
1206,0.23278084714548802
1207,0.23278084714548802
1208,0.23278084714548802
1209,0.23278084714548802
1210,0.23278084714548802
1211,0.23278084714548802
1212,0.23278084714548802
1213,0.23278084714548802
1214,0.23278084714548802
1215,0.23278084714548802
1216,0.23278084714548802
1217,0.23278084714548802
1218,0.23278084714548802
1219,0.23278084714548802
1220,0.23278084714548802
1221,0.23278084714548802
1222,0.23278084714548802
1223,0.23278084714548802
1224,0.23278084714548802
1225,0.23278084714548802
1226,0.23278084714548802
1227,0.23278084714548802
1228,0.23278084714548802
1229,0.23278084714548802
1230,0.23278084714548802
1231,0.23278084714548802
1232,0.23278084714548797
1233,0.23278084714548802
1234,0.23278084714548802
1235,0.23278084714548802
1236,0.23278084714548802
1237,0.23278084714548802
1238,0.23278084714548802
1239,0.23278084714548802
1240,0.23278084714548802
1241,0.23278084714548802
1242,0.23278084714548802
1243,0.23278084714548802
1244,0.23278084714548802
1245,0.23278084714548802
1246,0.23278084714548802
1247,0.23278084714548802
1248,0.23278084714548802
1249,0.23278084714548802
1250,0.23278084714548802
1251,0.23278084714548802
1252,0.23278084714548802
1253,0.23278084714548802
1254,0.23278084714548802
1255,0.23278084714548802
1256,0.23278084714548802
1257,0.23278084714548802
1258,0.23278084714548802
1259,0.23278084714548802
1260,0.23278084714548802
1261,0.23278084714548802
1262,0.23278084714548802
1263,0.23278084714548802
1264,0.23278084714548802
1265,0.23278084714548802
1266,0.23278084714548802
1267,0.23278084714548802
1268,0.23278084714548802
1269,0.23278084714548802
1270,0.23278084714548802
1271,0.23278084714548802
1272,0.23278084714548802
1273,0.23278084714548802
1274,0.23278084714548802
1275,0.23278084714548802
1276,0.23278084714548802
1277,0.23278084714548802
1278,0.23278084714548802
1279,0.23278084714548802
1280,0.23278084714548802
1281,0.23278084714548802
1282,0.23278084714548802
1283,0.23278084714548802
1284,0.23278084714548802
1285,0.23278084714548802
1286,0.23278084714548802
1287,0.23278084714548802
1288,0.23278084714548802
1289,0.23278084714548802
1290,0.23278084714548802
1291,0.23278084714548802
1292,0.23278084714548802
1293,0.23278084714548802
1294,0.23278084714548802
1295,0.23278084714548802
1296,0.23278084714548802
1297,0.23278084714548802
1298,0.23278084714548802
1299,0.23278084714548802
1300,0.23278084714548802
1301,0.23278084714548802
1302,0.23278084714548802
1303,0.23278084714548802
1304,0.23278084714548802
1305,0.23278084714548802
1306,0.23278084714548802
1307,0.23278084714548802
1308,0.23278084714548802
1309,0.23278084714548802
1310,0.23278084714548802
1311,0.23278084714548802
1312,0.23278084714548802
1313,0.23278084714548802
1314,0.23278084714548802
1315,0.23278084714548802
1316,0.23278084714548802
1317,0.23278084714548802
1318,0.23278084714548802
1319,0.23278084714548802
1320,0.23278084714548802
1321,0.23278084714548802
1322,0.23278084714548802
1323,0.23278084714548802
1324,0.23278084714548802
1325,0.23278084714548802
1326,0.23278084714548802
1327,0.23278084714548802
1328,0.23278084714548802
1329,0.23278084714548802
1330,0.23278084714548802
1331,0.23278084714548802
1332,0.23278084714548802
1333,0.23278084714548802
1334,0.23278084714548802
1335,0.23278084714548802
1336,0.23278084714548802
1337,0.23278084714548802
1338,0.23278084714548802
1339,0.23278084714548802
1340,0.23278084714548802
1341,0.23278084714548802
1342,0.23278084714548802
1343,0.23278084714548802
1344,0.23278084714548802
1345,0.23278084714548802
1346,0.23278084714548802
1347,0.23278084714548802
1348,0.23278084714548802
1349,0.23278084714548802
1350,0.23278084714548802
1351,0.23278084714548802
1352,0.23278084714548802
1353,0.23278084714548802
1354,0.23278084714548802
1355,0.23278084714548802
1356,0.23278084714548802
1357,0.23278084714548802
1358,0.23278084714548802
1359,0.23278084714548802
1360,0.23278084714548802
1361,0.23278084714548802
1362,0.23278084714548802
1363,0.23278084714548802
1364,0.23278084714548802
1365,0.23278084714548802
1366,0.23278084714548802
1367,0.23278084714548802
1368,0.23278084714548802
1369,0.23278084714548802
1370,0.23278084714548802
1371,0.23278084714548802
1372,0.23278084714548802
1373,0.23278084714548802
1374,0.23278084714548802
1375,0.23278084714548802
1376,0.23278084714548802
1377,0.23278084714548802
1378,0.23278084714548802
1379,0.23278084714548802
1380,0.23278084714548802
1381,0.23278084714548802
1382,0.23278084714548802
1383,0.23278084714548802
1384,0.23278084714548802
1385,0.23278084714548802
1386,0.23278084714548802
1387,0.23278084714548802
1388,0.23278084714548802
1389,0.23278084714548802
1390,0.23278084714548802
1391,0.23278084714548802
1392,0.23278084714548802
1393,0.23278084714548802
1394,0.23278084714548802
1395,0.23278084714548802
1396,0.23278084714548802
1397,0.23278084714548802
1398,0.23278084714548802
1399,0.23278084714548802
1400,0.23278084714548802
1401,0.23278084714548802
1402,0.23278084714548802
1403,0.23278084714548802
1404,0.23278084714548802
1405,0.23278084714548802
1406,0.23278084714548802
1407,0.23278084714548802
1408,0.23278084714548802
1409,0.23278084714548802
1410,0.23278084714548802
1411,0.23278084714548802
1412,0.23278084714548802
1413,0.23278084714548802
1414,0.23278084714548802
1415,0.23278084714548802
1416,0.23278084714548802
1417,0.23278084714548802
1418,0.23278084714548802
1419,0.23278084714548802
1420,0.23278084714548802
1421,0.23278084714548802
1422,0.23278084714548802
1423,0.23278084714548802
1424,0.23278084714548802
1425,0.23278084714548802
1426,0.23278084714548802
1427,0.23278084714548802
1428,0.23278084714548802
1429,0.23278084714548802
1430,0.23278084714548802
1431,0.23278084714548802
1432,0.23278084714548802
1433,0.23278084714548802
1434,0.23278084714548802
1435,0.23278084714548802
1436,0.23278084714548802
1437,0.23278084714548802
1438,0.23278084714548802
1439,0.23278084714548802
1440,0.23278084714548802
1441,0.23278084714548802
1442,0.23278084714548802
1443,0.23278084714548802
1444,0.23278084714548802
1445,0.23278084714548802
1446,0.23278084714548802
1447,0.23278084714548802
1448,0.23278084714548802
1449,0.23278084714548802
1450,0.23278084714548797
1451,0.23278084714548802
1452,0.23278084714548802
1453,0.23278084714548802
1454,0.23278084714548797
1455,0.23278084714548802
1456,0.23278084714548802
1457,0.23278084714548802
1458,0.23278084714548802
1459,0.23278084714548802
1460,0.23278084714548802
1461,0.23278084714548802
1462,0.23278084714548802
1463,0.23278084714548802
1464,0.23278084714548802
1465,0.23278084714548802
1466,0.23278084714548802
1467,0.23278084714548802
1468,0.23278084714548802
1469,0.23278084714548802
1470,0.23278084714548802
1471,0.23278084714548802
1472,0.23278084714548802
1473,0.23278084714548802
1474,0.23278084714548802
1475,0.23278084714548802
1476,0.23278084714548802
1477,0.23278084714548802
1478,0.23278084714548802
1479,0.23278084714548802
1480,0.23278084714548802
1481,0.23278084714548802
1482,0.23278084714548802
1483,0.23278084714548802
1484,0.23278084714548802
1485,0.23278084714548797
1486,0.23278084714548802
1487,0.23278084714548802
1488,0.23278084714548802
1489,0.23278084714548802
1490,0.23278084714548802
1491,0.23278084714548802
1492,0.23278084714548802
1493,0.23278084714548802
1494,0.23278084714548802
1495,0.23278084714548802
1496,0.23278084714548802
1497,0.23278084714548802
1498,0.23278084714548802
1499,0.23278084714548802
1500,0.23278084714548802
1501,0.23278084714548802
1502,0.23278084714548802
1503,0.23278084714548802
1504,0.23278084714548802
1505,0.23278084714548802
1506,0.23278084714548802
1507,0.23278084714548802
1508,0.23278084714548802
1509,0.23278084714548802
1510,0.23278084714548802
1511,0.23278084714548802
1512,0.23278084714548802
1513,0.23278084714548802
1514,0.23278084714548802
1515,0.23278084714548802
1516,0.23278084714548802
1517,0.23278084714548802
1518,0.23278084714548802
1519,0.23278084714548802
1520,0.23278084714548802
1521,0.23278084714548802
1522,0.23278084714548802
1523,0.23278084714548802
1524,0.23278084714548802
1525,0.23278084714548802
1526,0.23278084714548802
1527,0.23278084714548802
1528,0.23278084714548802
1529,0.23278084714548802
1530,0.23278084714548802
1531,0.23278084714548802
1532,0.23278084714548802
1533,0.23278084714548802
1534,0.23278084714548802
1535,0.23278084714548802
1536,0.23278084714548802
1537,0.23278084714548797
1538,0.23278084714548802
1539,0.23278084714548802
1540,0.23278084714548802
1541,0.23278084714548802
1542,0.23278084714548802
1543,0.23278084714548802
1544,0.23278084714548802
1545,0.23278084714548802
1546,0.23278084714548802
1547,0.23278084714548802
1548,0.23278084714548802
1549,0.23278084714548802
1550,0.23278084714548802
1551,0.23278084714548802
1552,0.23278084714548802
1553,0.23278084714548802
1554,0.23278084714548802
1555,0.23278084714548802
1556,0.23278084714548802
1557,0.23278084714548802
1558,0.23278084714548802
1559,0.23278084714548802
1560,0.23278084714548802
1561,0.23278084714548802
1562,0.23278084714548802
1563,0.23278084714548802
1564,0.23278084714548802
1565,0.23278084714548802
1566,0.23278084714548802
1567,0.23278084714548802
1568,0.23278084714548802
1569,0.23278084714548802
1570,0.23278084714548802
1571,0.23278084714548802
1572,0.23278084714548802
1573,0.23278084714548802
1574,0.23278084714548797
1575,0.23278084714548802
1576,0.23278084714548802
1577,0.23278084714548802
1578,0.23278084714548802
1579,0.23278084714548802
1580,0.23278084714548802
1581,0.23278084714548802
1582,0.23278084714548802
1583,0.23278084714548802
1584,0.23278084714548802
1585,0.23278084714548802
1586,0.23278084714548802
1587,0.23278084714548802
1588,0.23278084714548802
1589,0.23278084714548802
1590,0.23278084714548802
1591,0.23278084714548802
1592,0.23278084714548802
1593,0.23278084714548802
1594,0.23278084714548802
1595,0.23278084714548802
1596,0.23278084714548797
1597,0.23278084714548802
1598,0.23278084714548802
1599,0.23278084714548802
1600,0.23278084714548802
1601,0.23278084714548802
1602,0.23278084714548802
1603,0.23278084714548802
1604,0.23278084714548802
1605,0.23278084714548802
1606,0.23278084714548802
1607,0.23278084714548802
1608,0.23278084714548802
1609,0.23278084714548802
1610,0.23278084714548802
1611,0.23278084714548802
1612,0.23278084714548802
1613,0.23278084714548802
1614,0.23278084714548802
1615,0.23278084714548802
1616,0.23278084714548802
1617,0.23278084714548802
1618,0.23278084714548802
1619,0.23278084714548802
1620,0.23278084714548802
1621,0.23278084714548802
1622,0.23278084714548802
1623,0.23278084714548802
1624,0.23278084714548802
1625,0.23278084714548802
1626,0.23278084714548797
1627,0.23278084714548802
1628,0.23278084714548802
1629,0.23278084714548802
1630,0.23278084714548802
1631,0.23278084714548802
1632,0.23278084714548802
1633,0.23278084714548802
1634,0.23278084714548802
1635,0.23278084714548802
1636,0.23278084714548802
1637,0.23278084714548802
1638,0.23278084714548802
1639,0.23278084714548802
1640,0.23278084714548802
1641,0.23278084714548802
1642,0.23278084714548802
1643,0.23278084714548802
1644,0.23278084714548802
1645,0.23278084714548802
1646,0.23278084714548802
1647,0.23278084714548802
1648,0.23278084714548802
1649,0.23278084714548802
1650,0.23278084714548802
1651,0.23278084714548802
1652,0.23278084714548802
1653,0.23278084714548802
1654,0.23278084714548797
1655,0.23278084714548802
1656,0.23278084714548802
1657,0.23278084714548802
1658,0.23278084714548802
1659,0.23278084714548802
1660,0.23278084714548802
1661,0.23278084714548797
1662,0.23278084714548797
1663,0.23278084714548797
1664,0.23278084714548797
1665,0.23278084714548797
1666,0.23278084714548797
1667,0.23278084714548797
1668,0.23278084714548797
1669,0.23278084714548797
1670,0.23278084714548797
1671,0.23278084714548797
1672,0.23278084714548797
1673,0.23278084714548797
1674,0.23278084714548797
1675,0.23278084714548797
1676,0.23278084714548797
1677,0.23278084714548797
1678,0.23278084714548797
1679,0.23278084714548797
1680,0.23278084714548802
1681,0.23278084714548802
1682,0.23278084714548802
1683,0.23278084714548802
1684,0.23278084714548802
1685,0.23278084714548802
1686,0.23278084714548802
1687,0.23278084714548802
1688,0.23278084714548802
1689,0.23278084714548802
1690,0.23278084714548802
1691,0.23278084714548802
1692,0.23278084714548802
1693,0.23278084714548802
1694,0.23278084714548802
1695,0.23278084714548802
1696,0.23278084714548802
1697,0.23278084714548802
1698,0.23278084714548802
1699,0.23278084714548802
1700,0.23278084714548802
1701,0.23278084714548802
1702,0.23278084714548802
1703,0.23278084714548802
1704,0.23278084714548802
1705,0.23278084714548802
1706,0.23278084714548802
1707,0.23278084714548802
1708,0.23278084714548802
1709,0.23278084714548802
1710,0.23278084714548802
1711,0.23278084714548802
1712,0.23278084714548802
1713,0.23278084714548802
1714,0.23278084714548802
1715,0.23278084714548802
1716,0.23278084714548802
1717,0.23278084714548802
1718,0.23278084714548802
1719,0.23278084714548802
1720,0.23278084714548802
1721,0.23278084714548802
1722,0.23278084714548802
1723,0.23278084714548802
1724,0.23278084714548802
1725,0.23278084714548802
1726,0.23278084714548802
1727,0.23278084714548802
1728,0.23278084714548802
1729,0.23278084714548802
1730,0.23278084714548802
1731,0.23278084714548802
1732,0.23278084714548802
1733,0.23278084714548802
1734,0.23278084714548802
1735,0.23278084714548802
1736,0.23278084714548802
1737,0.23278084714548802
1738,0.23278084714548802
1739,0.23278084714548802
1740,0.23278084714548802
1741,0.23278084714548802
1742,0.23278084714548802
1743,0.23278084714548802
1744,0.23278084714548802
1745,0.23278084714548802
1746,0.23278084714548802
1747,0.23278084714548802
1748,0.23278084714548802
1749,0.23278084714548802
1750,0.23278084714548802
1751,0.23278084714548802
1752,0.23278084714548802
1753,0.23278084714548802
1754,0.23278084714548802
1755,0.23278084714548802
1756,0.23278084714548802
1757,0.23278084714548802
1758,0.23278084714548802
1759,0.23278084714548802
1760,0.23278084714548802
1761,0.23278084714548802
1762,0.23278084714548802
1763,0.23278084714548802
1764,0.23278084714548802
1765,0.23278084714548802
1766,0.23278084714548802
1767,0.23278084714548802
1768,0.23278084714548802
1769,0.23278084714548802
1770,0.23278084714548802
1771,0.23278084714548802
1772,0.23278084714548802
1773,0.23278084714548802
1774,0.23278084714548802
1775,0.23278084714548802
1776,0.23278084714548802
1777,0.23278084714548802
1778,0.23278084714548802
1779,0.23278084714548802
1780,0.23278084714548802
1781,0.23278084714548802
1782,0.23278084714548802
1783,0.23278084714548802
1784,0.23278084714548802
1785,0.23278084714548802
1786,0.23278084714548802
1787,0.23278084714548802
1788,0.23278084714548802
1789,0.23278084714548802
1790,0.23278084714548802
1791,0.23278084714548802
1792,0.23278084714548802
1793,0.23278084714548802
1794,0.23278084714548802
1795,0.23278084714548802
1796,0.23278084714548802
1797,0.23278084714548802
1798,0.23278084714548802
1799,0.23278084714548802
1800,0.23278084714548802
1801,0.23278084714548802
1802,0.23278084714548802
1803,0.23278084714548802
1804,0.23278084714548802
1805,0.23278084714548802
1806,0.23278084714548802
1807,0.23278084714548802
1808,0.23278084714548802
1809,0.23278084714548802
1810,0.23278084714548802
1811,0.23278084714548802
1812,0.23278084714548802
1813,0.23278084714548802
1814,0.23278084714548802
1815,0.23278084714548802
1816,0.23278084714548802
1817,0.23278084714548802
1818,0.23278084714548802
1819,0.23278084714548802
1820,0.23278084714548802
1821,0.23278084714548802
1822,0.23278084714548802
1823,0.23278084714548802
1824,0.23278084714548802
1825,0.23278084714548802
1826,0.23278084714548802
1827,0.23278084714548802
1828,0.23278084714548802
1829,0.23278084714548802
1830,0.23278084714548802
1831,0.23278084714548802
1832,0.23278084714548802
1833,0.23278084714548802
1834,0.23278084714548802
1835,0.23278084714548802
1836,0.23278084714548802
1837,0.23278084714548802
1838,0.23278084714548802
1839,0.23278084714548802
1840,0.23278084714548802
1841,0.23278084714548802
1842,0.23278084714548802
1843,0.23278084714548802
1844,0.23278084714548802
1845,0.23278084714548802
1846,0.23278084714548802
1847,0.23278084714548802
1848,0.23278084714548802
1849,0.23278084714548802
1850,0.23278084714548802
1851,0.23278084714548802
1852,0.23278084714548802
1853,0.23278084714548802
1854,0.23278084714548802
1855,0.23278084714548802
1856,0.23278084714548802
1857,0.23278084714548802
1858,0.23278084714548802
1859,0.23278084714548802
1860,0.23278084714548802
1861,0.23278084714548802
1862,0.23278084714548802
1863,0.23278084714548802
1864,0.23278084714548802
1865,0.23278084714548802
1866,0.23278084714548802
1867,0.23278084714548802
1868,0.23278084714548802
1869,0.23278084714548802
1870,0.23278084714548802
1871,0.23278084714548802
1872,0.23278084714548802
1873,0.23278084714548802
1874,0.23278084714548802
1875,0.23278084714548802
1876,0.23278084714548802
1877,0.23278084714548802
1878,0.23278084714548802
1879,0.23278084714548802
1880,0.23278084714548802
1881,0.23278084714548802
1882,0.23278084714548802
1883,0.23278084714548802
1884,0.23278084714548802
1885,0.23278084714548802
1886,0.23278084714548802
1887,0.23278084714548802
1888,0.23278084714548802
1889,0.23278084714548802
1890,0.23278084714548802
1891,0.23278084714548802
1892,0.23278084714548802
1893,0.23278084714548802
1894,0.23278084714548802
1895,0.23278084714548802
1896,0.23278084714548802
1897,0.23278084714548802
1898,0.23278084714548802
1899,0.23278084714548802
1900,0.23278084714548802
1901,0.23278084714548802
1902,0.23278084714548802
1903,0.23278084714548802
1904,0.23278084714548802
1905,0.23278084714548802
1906,0.23278084714548802
1907,0.23278084714548802
1908,0.23278084714548802
1909,0.23278084714548802
1910,0.23278084714548802
1911,0.23278084714548802
1912,0.23278084714548802
1913,0.23278084714548802
1914,0.23278084714548802
1915,0.23278084714548802
1916,0.23278084714548802
1917,0.23278084714548802
1918,0.23278084714548802
1919,0.23278084714548802
1920,0.23278084714548802
1921,0.23278084714548802
1922,0.23278084714548802
1923,0.23278084714548802
1924,0.23278084714548802
1925,0.23278084714548802
1926,0.23278084714548802
1927,0.23278084714548802
1928,0.23278084714548802
1929,0.23278084714548802
1930,0.23278084714548802
1931,0.23278084714548802
1932,0.23278084714548802
1933,0.23278084714548802
1934,0.23278084714548802
1935,0.23278084714548802
1936,0.23278084714548802
1937,0.23278084714548802
1938,0.23278084714548802
1939,0.23278084714548802
1940,0.23278084714548802
1941,0.23278084714548802
1942,0.23278084714548802
1943,0.23278084714548802
1944,0.23278084714548802
1945,0.23278084714548802
1946,0.23278084714548802
1947,0.23278084714548802
1948,0.23278084714548802
1949,0.23278084714548802
1950,0.23278084714548802
1951,0.23278084714548802
1952,0.23278084714548802
1953,0.23278084714548802
1954,0.23278084714548802
1955,0.23278084714548802
1956,0.23278084714548802
1957,0.23278084714548802
1958,0.23278084714548802
1959,0.23278084714548802
1960,0.23278084714548802
1961,0.23278084714548802
1962,0.23278084714548802
1963,0.23278084714548802
1964,0.23278084714548802
1965,0.23278084714548802
1966,0.23278084714548802
1967,0.23278084714548802
1968,0.23278084714548802
1969,0.23278084714548802
1970,0.23278084714548802
1971,0.23278084714548802
1972,0.23278084714548802
1973,0.23278084714548802
1974,0.23278084714548802
1975,0.23278084714548802
1976,0.23278084714548802
1977,0.23278084714548802
1978,0.23278084714548802
1979,0.23278084714548802
1980,0.23278084714548802
1981,0.23278084714548802
1982,0.23278084714548802
1983,0.23278084714548802
1984,0.23278084714548802
1985,0.23278084714548802
1986,0.23278084714548802
1987,0.23278084714548802
1988,0.23278084714548802
1989,0.23278084714548802
1990,0.23278084714548802
1991,0.23278084714548802
1992,0.23278084714548802
1993,0.23278084714548802
1994,0.23278084714548802
1995,0.23278084714548802
1996,0.23278084714548802
1997,0.23278084714548802
1998,0.23278084714548802
1999,0.23278084714548802
2000,0.23278084714548802
2001,0.23278084714548802
2002,0.23278084714548802
2003,0.23278084714548802
2004,0.23278084714548802
2005,0.23278084714548802
2006,0.23278084714548802
2007,0.23278084714548802
2008,0.23278084714548802
2009,0.23278084714548802
2010,0.23278084714548802
2011,0.23278084714548802
2012,0.23278084714548802
2013,0.23278084714548802
2014,0.23278084714548802
2015,0.23278084714548802
2016,0.23278084714548802
2017,0.23278084714548802
2018,0.23278084714548802
2019,0.23278084714548802
2020,0.23278084714548802
2021,0.23278084714548802
2022,0.23278084714548802
2023,0.23278084714548802
2024,0.23278084714548802
2025,0.23278084714548802
2026,0.23278084714548802
2027,0.23278084714548802
2028,0.23278084714548802
2029,0.23278084714548802
2030,0.23278084714548802
2031,0.23278084714548802
2032,0.23278084714548802
2033,0.23278084714548802
2034,0.23278084714548802
2035,0.23278084714548802
2036,0.23278084714548802
2037,0.23278084714548802
2038,0.23278084714548802
2039,0.23278084714548802
2040,0.23278084714548802
2041,0.23278084714548802
2042,0.23278084714548802
2043,0.23278084714548802
2044,0.23278084714548802
2045,0.23278084714548802
2046,0.23278084714548802
2047,0.23278084714548802
2048,0.23278084714548802
2049,0.23278084714548802
2050,0.23278084714548802
2051,0.23278084714548802
2052,0.23278084714548802
2053,0.23278084714548802
2054,0.23278084714548802
2055,0.23278084714548802
2056,0.23278084714548802
2057,0.23278084714548802
2058,0.23278084714548802
2059,0.23278084714548802
2060,0.23278084714548802
2061,0.23278084714548802
2062,0.23278084714548802
2063,0.23278084714548802
2064,0.23278084714548802
2065,0.23278084714548802
2066,0.23278084714548802
2067,0.23278084714548802
2068,0.23278084714548802
2069,0.23278084714548802
2070,0.23278084714548802
2071,0.23278084714548802
2072,0.23278084714548802
2073,0.23278084714548802
2074,0.23278084714548802
2075,0.23278084714548802
2076,0.23278084714548802
2077,0.23278084714548802
2078,0.23278084714548802
2079,0.23278084714548802
2080,0.23278084714548802
2081,0.23278084714548802
2082,0.23278084714548802
2083,0.23278084714548802
2084,0.23278084714548802
2085,0.23278084714548802
2086,0.23278084714548802
2087,0.23278084714548802
2088,0.23278084714548802
2089,0.23278084714548802
2090,0.23278084714548802
2091,0.23278084714548802
2092,0.23278084714548802
2093,0.23278084714548802
2094,0.23278084714548802
2095,0.23278084714548802
2096,0.23278084714548802
2097,0.23278084714548802
2098,0.23278084714548802
2099,0.23278084714548802
2100,0.23278084714548802
2101,0.23278084714548802
2102,0.23278084714548802
2103,0.23278084714548802
2104,0.23278084714548802
2105,0.23278084714548802
2106,0.23278084714548802
2107,0.23278084714548802
2108,0.23278084714548802
2109,0.23278084714548802
2110,0.23278084714548802
2111,0.23278084714548802
2112,0.23278084714548802
2113,0.23278084714548802
2114,0.23278084714548802
2115,0.23278084714548802
2116,0.23278084714548802
2117,0.23278084714548802
2118,0.23278084714548802
2119,0.23278084714548802
2120,0.23278084714548802
2121,0.23278084714548802
2122,0.23278084714548802
2123,0.23278084714548802
2124,0.23278084714548802
2125,0.23278084714548802
2126,0.23278084714548802
2127,0.23278084714548802
2128,0.23278084714548802
2129,0.23278084714548802
2130,0.23278084714548802
2131,0.23278084714548802
2132,0.23278084714548802
2133,0.23278084714548802
2134,0.23278084714548802
2135,0.23278084714548802
2136,0.23278084714548802
2137,0.23278084714548802
2138,0.23278084714548802
2139,0.23278084714548802
2140,0.23278084714548802
2141,0.23278084714548802
2142,0.23278084714548802
2143,0.23278084714548802
2144,0.23278084714548802
2145,0.23278084714548802
2146,0.23278084714548802
2147,0.23278084714548802
2148,0.23278084714548802
2149,0.23278084714548802
2150,0.23278084714548802
2151,0.23278084714548802
2152,0.23278084714548802
2153,0.23278084714548802
2154,0.23278084714548802
2155,0.23278084714548802
2156,0.23278084714548802
2157,0.23278084714548802
2158,0.23278084714548802
2159,0.23278084714548802
2160,0.23278084714548802
2161,0.23278084714548802
2162,0.23278084714548802
2163,0.23278084714548802
2164,0.23278084714548802
2165,0.23278084714548802
2166,0.23278084714548802
2167,0.23278084714548802
2168,0.23278084714548802
2169,0.23278084714548802
2170,0.23278084714548802
2171,0.23278084714548802
2172,0.23278084714548802
2173,0.23278084714548802
2174,0.23278084714548802
2175,0.23278084714548802
2176,0.23278084714548802
2177,0.23278084714548802
2178,0.23278084714548802
2179,0.23278084714548802
2180,0.23278084714548802
2181,0.23278084714548802
2182,0.23278084714548802
2183,0.23278084714548802
2184,0.23278084714548802
2185,0.23278084714548802
2186,0.23278084714548802
2187,0.23278084714548802
2188,0.23278084714548802
2189,0.23278084714548802
2190,0.23278084714548802
2191,0.23278084714548802
2192,0.23278084714548802
2193,0.23278084714548802
2194,0.23278084714548802
2195,0.23278084714548802
2196,0.23278084714548802
2197,0.23278084714548802
2198,0.23278084714548802
2199,0.23278084714548802
2200,0.23278084714548802
2201,0.23278084714548802
2202,0.23278084714548802
2203,0.23278084714548802
2204,0.23278084714548802
2205,0.23278084714548802
2206,0.23278084714548802
2207,0.23278084714548802
2208,0.23278084714548802
2209,0.23278084714548802
2210,0.23278084714548802
2211,0.23278084714548802
2212,0.23278084714548802
2213,0.23278084714548802
2214,0.23278084714548802
2215,0.23278084714548802
2216,0.23278084714548802
2217,0.23278084714548802
2218,0.23278084714548802
2219,0.23278084714548802
2220,0.23278084714548802
2221,0.23278084714548802
2222,0.23278084714548802
2223,0.23278084714548802
2224,0.23278084714548802
2225,0.23278084714548802
2226,0.23278084714548802
2227,0.23278084714548802
2228,0.23278084714548802
2229,0.23278084714548802
2230,0.23278084714548802
2231,0.23278084714548802
2232,0.23278084714548802
2233,0.23278084714548802
2234,0.23278084714548802
2235,0.23278084714548802
2236,0.23278084714548802
2237,0.23278084714548802
2238,0.23278084714548802
2239,0.23278084714548802
2240,0.23278084714548802
2241,0.23278084714548802
2242,0.23278084714548802
2243,0.23278084714548802
2244,0.23278084714548802
2245,0.23278084714548802
2246,0.23278084714548802
2247,0.23278084714548802
2248,0.23278084714548802
2249,0.23278084714548802
2250,0.23278084714548802
2251,0.23278084714548802
2252,0.23278084714548802
2253,0.23278084714548802
2254,0.23278084714548802
2255,0.23278084714548802
2256,0.23278084714548802
2257,0.23278084714548802
2258,0.23278084714548802
2259,0.23278084714548802
2260,0.23278084714548802
2261,0.23278084714548802
2262,0.23278084714548802
2263,0.23278084714548802
2264,0.23278084714548802
2265,0.23278084714548802
2266,0.23278084714548802
2267,0.23278084714548802
2268,0.23278084714548802
2269,0.23278084714548802
2270,0.23278084714548802
2271,0.23278084714548802
2272,0.23278084714548802
2273,0.23278084714548802
2274,0.23278084714548802
2275,0.23278084714548802
2276,0.23278084714548802
2277,0.23278084714548802
2278,0.23278084714548802
2279,0.23278084714548802
2280,0.23278084714548802
2281,0.23278084714548802
2282,0.23278084714548802
2283,0.23278084714548802
2284,0.23278084714548802
2285,0.23278084714548802
2286,0.23278084714548802
2287,0.23278084714548802
2288,0.23278084714548802
2289,0.23278084714548802
2290,0.23278084714548802
2291,0.23278084714548802
2292,0.23278084714548802
2293,0.23278084714548802
2294,0.23278084714548802
2295,0.23278084714548802
2296,0.23278084714548802
2297,0.23278084714548802
2298,0.23278084714548802
2299,0.23278084714548802
2300,0.23278084714548802
2301,0.23278084714548802
2302,0.23278084714548802
2303,0.23278084714548802
2304,0.23278084714548802
2305,0.23278084714548802
2306,0.23278084714548802
2307,0.23278084714548802
2308,0.23278084714548802
2309,0.23278084714548802
2310,0.23278084714548802
2311,0.23278084714548802
2312,0.23278084714548802
2313,0.23278084714548802
2314,0.23278084714548802
2315,0.23278084714548802
2316,0.23278084714548802
2317,0.23278084714548802
2318,0.23278084714548802
2319,0.23278084714548802
2320,0.23278084714548802
2321,0.23278084714548802
2322,0.23278084714548802
2323,0.23278084714548802
2324,0.23278084714548802
2325,0.23278084714548802
2326,0.23278084714548802
2327,0.23278084714548802
2328,0.23278084714548802
2329,0.23278084714548802
2330,0.23278084714548802
2331,0.23278084714548802
2332,0.23278084714548802
2333,0.23278084714548802
2334,0.23278084714548802
2335,0.23278084714548802
2336,0.23278084714548802
2337,0.23278084714548802
2338,0.23278084714548802
2339,0.23278084714548802
2340,0.23278084714548802
2341,0.23278084714548802
2342,0.23278084714548802
2343,0.23278084714548802
2344,0.23278084714548802
2345,0.23278084714548802
2346,0.23278084714548802
2347,0.23278084714548802
2348,0.23278084714548802
2349,0.23278084714548802
2350,0.23278084714548802
2351,0.23278084714548802
2352,0.23278084714548802
2353,0.23278084714548802
2354,0.23278084714548802
2355,0.23278084714548802
2356,0.23278084714548802
2357,0.23278084714548802
2358,0.23278084714548802
2359,0.23278084714548802
2360,0.23278084714548802
2361,0.23278084714548802
2362,0.23278084714548802
2363,0.23278084714548802
2364,0.23278084714548802
2365,0.23278084714548802
2366,0.23278084714548802
2367,0.23278084714548802
2368,0.23278084714548802
2369,0.23278084714548802
2370,0.23278084714548802
2371,0.23278084714548802
2372,0.23278084714548802
2373,0.23278084714548802
2374,0.23278084714548802
2375,0.23278084714548802
2376,0.23278084714548802
2377,0.23278084714548802
2378,0.23278084714548802
2379,0.23278084714548802
2380,0.23278084714548802
2381,0.23278084714548802
2382,0.23278084714548802
2383,0.23278084714548802
2384,0.23278084714548802
2385,0.23278084714548802
2386,0.23278084714548802
2387,0.23278084714548802
2388,0.23278084714548802
2389,0.23278084714548802
2390,0.23278084714548802
2391,0.23278084714548802
2392,0.23278084714548802
2393,0.23278084714548802
2394,0.23278084714548802
2395,0.23278084714548802
2396,0.23278084714548802
2397,0.23278084714548802
2398,0.23278084714548802
2399,0.23278084714548802
2400,0.23278084714548802
2401,0.23278084714548802
2402,0.23278084714548802
2403,0.23278084714548802
2404,0.23278084714548802
2405,0.23278084714548802
2406,0.23278084714548802
2407,0.23278084714548802
2408,0.23278084714548802
2409,0.23278084714548802
2410,0.23278084714548802
2411,0.23278084714548802
2412,0.23278084714548802
2413,0.23278084714548802
2414,0.23278084714548802
2415,0.23278084714548802
2416,0.23278084714548802
2417,0.23278084714548802
2418,0.23278084714548802
2419,0.23278084714548802
2420,0.23278084714548802
2421,0.23278084714548802
2422,0.23278084714548802
2423,0.23278084714548802
2424,0.23278084714548802
2425,0.23278084714548802
2426,0.23278084714548802
2427,0.23278084714548802
2428,0.23278084714548802
2429,0.23278084714548802
2430,0.23278084714548802
2431,0.23278084714548802
2432,0.23278084714548802
2433,0.23278084714548802
2434,0.23278084714548802
2435,0.23278084714548802
2436,0.23278084714548802
2437,0.23278084714548802
2438,0.23278084714548802
2439,0.23278084714548802
2440,0.23278084714548802
2441,0.23278084714548802
2442,0.23278084714548802
2443,0.23278084714548802
2444,0.23278084714548802
2445,0.23278084714548802
2446,0.23278084714548802
2447,0.23278084714548802
2448,0.23278084714548802
2449,0.23278084714548802
2450,0.23278084714548802
2451,0.23278084714548802
2452,0.23278084714548802
2453,0.23278084714548802
2454,0.23278084714548802
2455,0.23278084714548802
2456,0.23278084714548802
2457,0.23278084714548802
2458,0.23278084714548802
2459,0.23278084714548802
2460,0.23278084714548802
2461,0.23278084714548802
2462,0.23278084714548802
2463,0.23278084714548802
2464,0.23278084714548802
2465,0.23278084714548802
2466,0.23278084714548802
2467,0.23278084714548802
2468,0.23278084714548802
2469,0.23278084714548802
2470,0.23278084714548802
2471,0.23278084714548802
2472,0.23278084714548802
2473,0.23278084714548802
2474,0.23278084714548802
2475,0.23278084714548802
2476,0.23278084714548802
2477,0.23278084714548802
2478,0.23278084714548802
2479,0.23278084714548802
2480,0.23278084714548802
2481,0.23278084714548802
2482,0.23278084714548802
2483,0.23278084714548802
2484,0.23278084714548802
2485,0.23278084714548802
2486,0.23278084714548802
2487,0.23278084714548802
2488,0.23278084714548802
2489,0.23278084714548802
2490,0.23278084714548802
2491,0.23278084714548802
2492,0.23278084714548802
2493,0.23278084714548802
2494,0.23278084714548802
2495,0.23278084714548802
2496,0.23278084714548802
2497,0.23278084714548802
2498,0.23278084714548802
2499,0.23278084714548802
2500,0.23278084714548802
2501,0.23278084714548802
2502,0.23278084714548802
2503,0.23278084714548802
2504,0.23278084714548802
2505,0.23278084714548802
2506,0.23278084714548802
2507,0.23278084714548802
2508,0.23278084714548802
2509,0.23278084714548802
2510,0.23278084714548802
2511,0.23278084714548802
2512,0.23278084714548802
2513,0.23278084714548802
2514,0.23278084714548802
2515,0.23278084714548802
2516,0.23278084714548802
2517,0.23278084714548802
2518,0.23278084714548802
2519,0.23278084714548802
2520,0.23278084714548802
2521,0.23278084714548802
2522,0.23278084714548802
2523,0.23278084714548802
2524,0.23278084714548802
2525,0.23278084714548802
2526,0.23278084714548802
2527,0.23278084714548802
2528,0.23278084714548802
2529,0.23278084714548802
2530,0.23278084714548802
2531,0.23278084714548802
2532,0.23278084714548802
2533,0.23278084714548802
2534,0.23278084714548802
2535,0.23278084714548802
2536,0.23278084714548802
2537,0.23278084714548802
2538,0.23278084714548802
2539,0.23278084714548802
2540,0.23278084714548802
2541,0.23278084714548802
2542,0.23278084714548802
2543,0.23278084714548802
2544,0.23278084714548802
2545,0.23278084714548802
2546,0.23278084714548802
2547,0.23278084714548802
2548,0.23278084714548802
2549,0.23278084714548802
2550,0.23278084714548802
2551,0.23278084714548802
2552,0.23278084714548802
2553,0.23278084714548802
2554,0.23278084714548802
2555,0.23278084714548802
2556,0.23278084714548802
2557,0.23278084714548802
2558,0.23278084714548802
2559,0.23278084714548802
2560,0.23278084714548802
2561,0.23278084714548802
2562,0.23278084714548802
2563,0.23278084714548802
2564,0.23278084714548802
2565,0.23278084714548802
2566,0.23278084714548802
2567,0.23278084714548802
2568,0.23278084714548802
2569,0.23278084714548802
2570,0.23278084714548802
2571,0.23278084714548802
2572,0.23278084714548802
2573,0.23278084714548802
2574,0.23278084714548802
2575,0.23278084714548802
2576,0.23278084714548802
2577,0.23278084714548802
2578,0.23278084714548802
2579,0.23278084714548802
2580,0.23278084714548802
2581,0.23278084714548802
2582,0.23278084714548802
2583,0.23278084714548802
2584,0.23278084714548802
2585,0.23278084714548802
2586,0.23278084714548802
2587,0.23278084714548802
2588,0.23278084714548802
2589,0.23278084714548802
2590,0.23278084714548802
2591,0.23278084714548802
2592,0.23278084714548802
2593,0.23278084714548802
2594,0.23278084714548802
2595,0.23278084714548802
2596,0.23278084714548802
2597,0.23278084714548802
2598,0.23278084714548802
2599,0.23278084714548802
2600,0.23278084714548802
2601,0.23278084714548802
2602,0.23278084714548802
2603,0.23278084714548802
2604,0.23278084714548802
2605,0.23278084714548802
2606,0.23278084714548802
2607,0.23278084714548802
2608,0.23278084714548802
2609,0.23278084714548802
2610,0.23278084714548802
2611,0.23278084714548802
2612,0.23278084714548802
2613,0.23278084714548802
2614,0.23278084714548802
2615,0.23278084714548802
2616,0.23278084714548802
2617,0.23278084714548802
2618,0.23278084714548802
2619,0.23278084714548802
2620,0.23278084714548802
2621,0.23278084714548802
2622,0.23278084714548802
2623,0.23278084714548802
2624,0.23278084714548802
2625,0.23278084714548802
2626,0.23278084714548802
2627,0.23278084714548802
2628,0.23278084714548802
2629,0.23278084714548802
2630,0.23278084714548802
2631,0.23278084714548802
2632,0.23278084714548802
2633,0.23278084714548802
2634,0.23278084714548802
2635,0.23278084714548802
2636,0.23278084714548802
2637,0.23278084714548802
2638,0.23278084714548802
2639,0.23278084714548802
2640,0.23278084714548802
2641,0.23278084714548802
2642,0.23278084714548802
2643,0.23278084714548802
2644,0.23278084714548802
2645,0.23278084714548802
2646,0.23278084714548802
2647,0.23278084714548802
2648,0.23278084714548802
2649,0.23278084714548802
2650,0.23278084714548802
2651,0.23278084714548802
2652,0.23278084714548802
2653,0.23278084714548802
2654,0.23278084714548802
2655,0.23278084714548802
2656,0.23278084714548802
2657,0.23278084714548802
2658,0.23278084714548802
2659,0.23278084714548802
2660,0.23278084714548802
2661,0.23278084714548802
2662,0.23278084714548802
2663,0.23278084714548802
2664,0.23278084714548802
2665,0.23278084714548802
2666,0.23278084714548802
2667,0.23278084714548802
2668,0.23278084714548802
2669,0.23278084714548802
2670,0.23278084714548802
2671,0.23278084714548802
2672,0.23278084714548802
2673,0.23278084714548802
2674,0.23278084714548802
2675,0.23278084714548802
2676,0.23278084714548802
2677,0.23278084714548802
2678,0.23278084714548802
2679,0.23278084714548802
2680,0.23278084714548802
2681,0.23278084714548802
2682,0.23278084714548802
2683,0.23278084714548802
2684,0.23278084714548802
2685,0.23278084714548802
2686,0.23278084714548802
2687,0.23278084714548802
2688,0.23278084714548802
2689,0.23278084714548802
2690,0.23278084714548802
2691,0.23278084714548802
2692,0.23278084714548802
2693,0.23278084714548802
2694,0.23278084714548802
2695,0.23278084714548802
2696,0.23278084714548802
2697,0.23278084714548802
2698,0.23278084714548802
2699,0.23278084714548802
2700,0.23278084714548802
2701,0.23278084714548802
2702,0.23278084714548802
2703,0.23278084714548802
2704,0.23278084714548802
2705,0.23278084714548802
2706,0.23278084714548802
2707,0.23278084714548802
2708,0.23278084714548802
2709,0.23278084714548802
2710,0.23278084714548802
2711,0.23278084714548802
2712,0.23278084714548802
2713,0.23278084714548802
2714,0.23278084714548802
