,21 ±×·¥
0,-0.1281767955801105
1,-0.1281767955801105
2,-0.1281767955801105
3,-0.1281767955801105
4,-0.1281767955801105
5,-0.1281767955801105
6,-0.1281767955801105
7,-0.1281767955801105
8,-0.1281767955801105
9,-0.1281767955801105
10,-0.1281767955801105
11,-0.1281767955801105
12,-0.1281767955801105
13,-0.1281767955801105
14,-0.1281767955801105
15,-0.1281767955801105
16,-0.1281767955801105
17,-0.1281767955801105
18,-0.1281767955801105
19,-0.1281767955801105
20,-0.1281767955801105
21,-0.1281767955801105
22,-0.1281767955801105
23,0.8718232044198895
24,-0.1281767955801105
25,-0.1281767955801105
26,-0.1281767955801105
27,9.87182320441989
28,-0.1281767955801105
29,-0.1281767955801105
30,-0.1281767955801105
31,-0.1281767955801105
32,-0.1281767955801105
33,-0.1281767955801105
34,-0.1281767955801105
35,9.87182320441989
36,-0.1281767955801105
37,-0.1281767955801105
38,-0.1281767955801105
39,-0.1281767955801105
40,-0.1281767955801105
41,-0.1281767955801105
42,-0.1281767955801105
43,-0.1281767955801105
44,-0.1281767955801105
45,-0.1281767955801105
46,-0.1281767955801105
47,-0.1281767955801105
48,-0.1281767955801105
49,-0.1281767955801105
50,-0.1281767955801105
51,-0.1281767955801105
52,-0.1281767955801105
53,-0.1281767955801105
54,-0.1281767955801105
55,-0.1281767955801105
56,-0.1281767955801105
57,-0.1281767955801105
58,-0.1281767955801105
59,-0.1281767955801105
60,-0.1281767955801105
61,-0.1281767955801105
62,-0.1281767955801105
63,7.87182320441989
64,-0.1281767955801105
65,-0.1281767955801105
66,-0.1281767955801105
67,-0.1281767955801105
68,-0.1281767955801105
69,-0.1281767955801105
70,-0.1281767955801105
71,-0.1281767955801105
72,-0.1281767955801105
73,-0.1281767955801105
74,-0.1281767955801105
75,-0.1281767955801105
76,-0.1281767955801105
77,-0.1281767955801105
78,-0.1281767955801105
79,-0.1281767955801105
80,-0.1281767955801105
81,-0.1281767955801105
82,-0.1281767955801105
83,-0.1281767955801105
84,-0.1281767955801105
85,-0.1281767955801105
86,-0.1281767955801105
87,-0.1281767955801105
88,-0.1281767955801105
89,-0.1281767955801105
90,-0.1281767955801105
91,-0.1281767955801105
92,-0.1281767955801105
93,-0.1281767955801105
94,-0.1281767955801105
95,-0.1281767955801105
96,-0.1281767955801105
97,-0.1281767955801105
98,-0.1281767955801105
99,-0.1281767955801105
100,-0.1281767955801105
101,-0.1281767955801105
102,-0.1281767955801105
103,-0.1281767955801105
104,-0.1281767955801105
105,-0.1281767955801105
106,-0.1281767955801105
107,-0.1281767955801105
108,-0.1281767955801105
109,-0.1281767955801105
110,-0.1281767955801105
111,-0.1281767955801105
112,-0.1281767955801105
113,-0.1281767955801105
114,-0.1281767955801105
115,-0.1281767955801105
116,0.8718232044198895
117,-0.1281767955801105
118,-0.1281767955801105
119,-0.1281767955801105
120,-0.1281767955801105
121,-0.1281767955801105
122,-0.1281767955801105
123,-0.1281767955801105
124,-0.1281767955801105
125,-0.1281767955801105
126,-0.1281767955801105
127,-0.1281767955801105
128,-0.1281767955801105
129,-0.1281767955801105
130,-0.1281767955801105
131,-0.1281767955801105
132,-0.1281767955801105
133,-0.1281767955801105
134,-0.1281767955801105
135,-0.1281767955801105
136,-0.1281767955801105
137,-0.1281767955801105
138,-0.1281767955801105
139,-0.1281767955801105
140,-0.1281767955801105
141,-0.1281767955801105
142,-0.1281767955801105
143,-0.1281767955801105
144,-0.1281767955801105
145,-0.1281767955801105
146,-0.1281767955801105
147,-0.1281767955801105
148,-0.1281767955801105
149,-0.1281767955801105
150,-0.1281767955801105
151,-0.1281767955801105
152,-0.1281767955801105
153,-0.1281767955801105
154,-0.1281767955801105
155,-0.1281767955801105
156,9.87182320441989
157,-0.1281767955801105
158,-0.1281767955801105
159,-0.1281767955801105
160,-0.1281767955801105
161,-0.1281767955801105
162,-0.1281767955801105
163,5.87182320441989
164,-0.1281767955801105
165,-0.1281767955801105
166,-0.1281767955801105
167,-0.1281767955801105
168,-0.1281767955801105
169,-0.1281767955801105
170,-0.1281767955801105
171,-0.1281767955801105
172,-0.1281767955801105
173,-0.1281767955801105
174,9.87182320441989
175,9.87182320441989
176,-0.1281767955801105
177,-0.1281767955801105
178,-0.1281767955801105
179,-0.1281767955801105
180,-0.1281767955801105
181,-0.1281767955801105
182,-0.1281767955801105
183,-0.1281767955801105
184,-0.1281767955801105
185,-0.1281767955801105
186,-0.1281767955801105
187,-0.1281767955801105
188,-0.1281767955801105
189,-0.1281767955801105
190,-0.1281767955801105
191,-0.1281767955801105
192,-0.1281767955801105
193,-0.1281767955801105
194,-0.1281767955801105
195,-0.1281767955801105
196,-0.1281767955801105
197,-0.1281767955801105
198,-0.1281767955801105
199,-0.1281767955801105
200,-0.1281767955801105
201,5.87182320441989
202,0.8718232044198895
203,-0.1281767955801105
204,-0.1281767955801105
205,-0.1281767955801105
206,-0.1281767955801105
207,-0.1281767955801105
208,-0.1281767955801105
209,-0.1281767955801105
210,-0.1281767955801105
211,-0.1281767955801105
212,-0.1281767955801105
213,-0.1281767955801105
214,-0.1281767955801105
215,-0.1281767955801105
216,-0.1281767955801105
217,-0.1281767955801105
218,-0.1281767955801105
219,-0.1281767955801105
220,-0.1281767955801105
221,-0.1281767955801105
222,-0.1281767955801105
223,-0.1281767955801105
224,-0.1281767955801105
225,-0.1281767955801105
226,-0.1281767955801105
227,-0.1281767955801105
228,-0.1281767955801105
229,4.87182320441989
230,-0.1281767955801105
231,-0.1281767955801105
232,-0.1281767955801105
233,-0.1281767955801105
234,-0.1281767955801105
235,-0.1281767955801105
236,-0.1281767955801105
237,-0.1281767955801105
238,-0.1281767955801105
239,-0.1281767955801105
240,-0.1281767955801105
241,-0.1281767955801105
242,-0.1281767955801105
243,-0.1281767955801105
244,-0.1281767955801105
245,-0.1281767955801105
246,-0.1281767955801105
247,-0.1281767955801105
248,-0.1281767955801105
249,-0.1281767955801105
250,-0.1281767955801105
251,-0.1281767955801105
252,-0.1281767955801105
253,-0.1281767955801105
254,-0.1281767955801105
255,-0.1281767955801105
256,-0.1281767955801105
257,-0.1281767955801105
258,-0.1281767955801105
259,-0.1281767955801105
260,-0.1281767955801105
261,-0.1281767955801105
262,-0.1281767955801105
263,-0.1281767955801105
264,-0.1281767955801105
265,-0.1281767955801105
266,-0.1281767955801105
267,-0.1281767955801105
268,-0.1281767955801105
269,-0.1281767955801105
270,-0.1281767955801105
271,-0.1281767955801105
272,-0.1281767955801105
273,9.87182320441989
274,-0.1281767955801105
275,-0.1281767955801105
276,-0.1281767955801105
277,-0.1281767955801105
278,-0.1281767955801105
279,-0.1281767955801105
280,-0.1281767955801105
281,-0.1281767955801105
282,-0.1281767955801105
283,-0.1281767955801105
284,9.87182320441989
285,-0.1281767955801105
286,-0.1281767955801105
287,-0.1281767955801105
288,-0.1281767955801105
289,-0.1281767955801105
290,-0.1281767955801105
291,-0.1281767955801105
292,-0.1281767955801105
293,-0.1281767955801105
294,-0.1281767955801105
295,-0.1281767955801105
296,-0.1281767955801105
297,-0.1281767955801105
298,-0.1281767955801105
299,-0.1281767955801105
300,-0.1281767955801105
301,-0.1281767955801105
302,-0.1281767955801105
303,-0.1281767955801105
304,-0.1281767955801105
305,-0.1281767955801105
306,-0.1281767955801105
307,9.87182320441989
308,-0.1281767955801105
309,-0.1281767955801105
310,-0.1281767955801105
311,-0.1281767955801105
312,-0.1281767955801105
313,-0.1281767955801105
314,-0.1281767955801105
315,-0.1281767955801105
316,-0.1281767955801105
317,-0.1281767955801105
318,-0.1281767955801105
319,-0.1281767955801105
320,-0.1281767955801105
321,-0.1281767955801105
322,-0.1281767955801105
323,-0.1281767955801105
324,-0.1281767955801105
325,-0.1281767955801105
326,-0.1281767955801105
327,-0.1281767955801105
328,-0.1281767955801105
329,-0.1281767955801105
330,-0.1281767955801105
331,-0.1281767955801105
332,-0.1281767955801105
333,-0.1281767955801105
334,-0.1281767955801105
335,-0.1281767955801105
336,-0.1281767955801105
337,0.8718232044198895
338,-0.1281767955801105
339,-0.1281767955801105
340,-0.1281767955801105
341,-0.1281767955801105
342,-0.1281767955801105
343,-0.1281767955801105
344,-0.1281767955801105
345,-0.1281767955801105
346,-0.1281767955801105
347,-0.1281767955801105
348,-0.1281767955801105
349,-0.1281767955801105
350,-0.1281767955801105
351,-0.1281767955801105
352,-0.1281767955801105
353,-0.1281767955801105
354,-0.1281767955801105
355,-0.1281767955801105
356,-0.1281767955801105
357,-0.1281767955801105
358,-0.1281767955801105
359,9.87182320441989
360,-0.1281767955801105
361,-0.1281767955801105
362,-0.1281767955801105
363,-0.1281767955801105
364,-0.1281767955801105
365,-0.1281767955801105
366,-0.1281767955801105
367,-0.1281767955801105
368,-0.1281767955801105
369,-0.1281767955801105
370,-0.1281767955801105
371,-0.1281767955801105
372,-0.1281767955801105
373,-0.1281767955801105
374,0.8718232044198895
375,-0.1281767955801105
376,-0.1281767955801105
377,-0.1281767955801105
378,-0.1281767955801105
379,-0.1281767955801105
380,-0.1281767955801105
381,-0.1281767955801105
382,-0.1281767955801105
383,-0.1281767955801105
384,-0.1281767955801105
385,-0.1281767955801105
386,-0.1281767955801105
387,-0.1281767955801105
388,-0.1281767955801105
389,-0.1281767955801105
390,-0.1281767955801105
391,-0.1281767955801105
392,-0.1281767955801105
393,-0.1281767955801105
394,-0.1281767955801105
395,-0.1281767955801105
396,-0.1281767955801105
397,-0.1281767955801105
398,-0.1281767955801105
399,-0.1281767955801105
400,-0.1281767955801105
401,-0.1281767955801105
402,-0.1281767955801105
403,-0.1281767955801105
404,-0.1281767955801105
405,-0.1281767955801105
406,-0.1281767955801105
407,-0.1281767955801105
408,-0.1281767955801105
409,-0.1281767955801105
410,-0.1281767955801105
411,-0.1281767955801105
412,0.8718232044198895
413,-0.1281767955801105
414,0.8718232044198895
415,-0.1281767955801105
416,-0.1281767955801105
417,-0.1281767955801105
418,-0.1281767955801105
419,-0.1281767955801105
420,-0.1281767955801105
421,0.8718232044198895
422,-0.1281767955801105
423,-0.1281767955801105
424,-0.1281767955801105
425,-0.1281767955801105
426,-0.1281767955801105
427,-0.1281767955801105
428,-0.1281767955801105
429,-0.1281767955801105
430,-0.1281767955801105
431,-0.1281767955801105
432,-0.1281767955801105
433,-0.1281767955801105
434,-0.1281767955801105
435,-0.1281767955801105
436,-0.1281767955801105
437,-0.1281767955801105
438,-0.1281767955801105
439,-0.1281767955801105
440,-0.1281767955801105
441,-0.1281767955801105
442,-0.1281767955801105
443,-0.1281767955801105
444,-0.1281767955801105
445,-0.1281767955801105
446,-0.1281767955801105
447,-0.1281767955801105
448,-0.1281767955801105
449,-0.1281767955801105
450,-0.1281767955801105
451,-0.1281767955801105
452,-0.1281767955801105
453,-0.1281767955801105
454,-0.1281767955801105
455,-0.1281767955801105
456,-0.1281767955801105
457,-0.1281767955801105
458,-0.1281767955801105
459,-0.1281767955801105
460,-0.1281767955801105
461,-0.1281767955801105
462,-0.1281767955801105
463,-0.1281767955801105
464,-0.1281767955801105
465,-0.1281767955801105
466,-0.1281767955801105
467,-0.1281767955801105
468,-0.1281767955801105
469,-0.1281767955801105
470,-0.1281767955801105
471,-0.1281767955801105
472,-0.1281767955801105
473,-0.1281767955801105
474,-0.1281767955801105
475,-0.1281767955801105
476,-0.1281767955801105
477,-0.1281767955801105
478,-0.1281767955801105
479,-0.1281767955801105
480,-0.1281767955801105
481,-0.1281767955801105
482,-0.1281767955801105
483,-0.1281767955801105
484,-0.1281767955801105
485,-0.1281767955801105
486,-0.1281767955801105
487,-0.1281767955801105
488,-0.1281767955801105
489,-0.1281767955801105
490,-0.1281767955801105
491,-0.1281767955801105
492,-0.1281767955801105
493,-0.1281767955801105
494,-0.1281767955801105
495,-0.1281767955801105
496,-0.1281767955801105
497,-0.1281767955801105
498,-0.1281767955801105
499,-0.1281767955801105
500,-0.1281767955801105
501,-0.1281767955801105
502,-0.1281767955801105
503,-0.1281767955801105
504,-0.1281767955801105
505,-0.1281767955801105
506,-0.1281767955801105
507,-0.1281767955801105
508,-0.1281767955801105
509,-0.1281767955801105
510,-0.1281767955801105
511,-0.1281767955801105
512,-0.1281767955801105
513,-0.1281767955801105
514,-0.1281767955801105
515,-0.1281767955801105
516,-0.1281767955801105
517,-0.1281767955801105
518,-0.1281767955801105
519,9.87182320441989
520,-0.1281767955801105
521,-0.1281767955801105
522,-0.1281767955801105
523,-0.1281767955801105
524,-0.1281767955801105
525,-0.1281767955801105
526,-0.1281767955801105
527,-0.1281767955801105
528,-0.1281767955801105
529,-0.1281767955801105
530,-0.1281767955801105
531,-0.1281767955801105
532,-0.1281767955801105
533,-0.1281767955801105
534,-0.1281767955801105
535,0.8718232044198895
536,-0.1281767955801105
537,-0.1281767955801105
538,-0.1281767955801105
539,-0.1281767955801105
540,-0.1281767955801105
541,-0.1281767955801105
542,-0.1281767955801105
543,-0.1281767955801105
544,-0.1281767955801105
545,-0.1281767955801105
546,-0.1281767955801105
547,-0.1281767955801105
548,-0.1281767955801105
549,-0.1281767955801105
550,-0.1281767955801105
551,-0.1281767955801105
552,-0.1281767955801105
553,-0.1281767955801105
554,-0.1281767955801105
555,-0.1281767955801105
556,-0.1281767955801105
557,-0.1281767955801105
558,-0.1281767955801105
559,-0.1281767955801105
560,-0.1281767955801105
561,-0.1281767955801105
562,-0.1281767955801105
563,-0.1281767955801105
564,-0.1281767955801105
565,-0.1281767955801105
566,9.87182320441989
567,-0.1281767955801105
568,1.8718232044198895
569,-0.1281767955801105
570,-0.1281767955801105
571,-0.1281767955801105
572,-0.1281767955801105
573,-0.1281767955801105
574,-0.1281767955801105
575,-0.1281767955801105
576,-0.1281767955801105
577,-0.1281767955801105
578,0.8718232044198895
579,-0.1281767955801105
580,-0.1281767955801105
581,-0.1281767955801105
582,-0.1281767955801105
583,-0.1281767955801105
584,-0.1281767955801105
585,-0.1281767955801105
586,9.87182320441989
587,-0.1281767955801105
588,-0.1281767955801105
589,-0.1281767955801105
590,-0.1281767955801105
591,-0.1281767955801105
592,-0.1281767955801105
593,-0.1281767955801105
594,-0.1281767955801105
595,-0.1281767955801105
596,-0.1281767955801105
597,-0.1281767955801105
598,-0.1281767955801105
599,-0.1281767955801105
600,-0.1281767955801105
601,-0.1281767955801105
602,-0.1281767955801105
603,-0.1281767955801105
604,-0.1281767955801105
605,-0.1281767955801105
606,-0.1281767955801105
607,-0.1281767955801105
608,-0.1281767955801105
609,-0.1281767955801105
610,-0.1281767955801105
611,-0.1281767955801105
612,-0.1281767955801105
613,-0.1281767955801105
614,-0.1281767955801105
615,-0.1281767955801105
616,-0.1281767955801105
617,-0.1281767955801105
618,-0.1281767955801105
619,-0.1281767955801105
620,-0.1281767955801105
621,-0.1281767955801105
622,-0.1281767955801105
623,-0.1281767955801105
624,-0.1281767955801105
625,-0.1281767955801105
626,-0.1281767955801105
627,-0.1281767955801105
628,-0.1281767955801105
629,-0.1281767955801105
630,-0.1281767955801105
631,-0.1281767955801105
632,-0.1281767955801105
633,-0.1281767955801105
634,-0.1281767955801105
635,-0.1281767955801105
636,2.8718232044198895
637,-0.1281767955801105
638,-0.1281767955801105
639,-0.1281767955801105
640,-0.1281767955801105
641,-0.1281767955801105
642,-0.1281767955801105
643,-0.1281767955801105
644,-0.1281767955801105
645,-0.1281767955801105
646,-0.1281767955801105
647,-0.1281767955801105
648,9.87182320441989
649,-0.1281767955801105
650,-0.1281767955801105
651,-0.1281767955801105
652,-0.1281767955801105
653,-0.1281767955801105
654,-0.1281767955801105
655,-0.1281767955801105
656,-0.1281767955801105
657,-0.1281767955801105
658,-0.1281767955801105
659,-0.1281767955801105
660,-0.1281767955801105
661,-0.1281767955801105
662,-0.1281767955801105
663,-0.1281767955801105
664,-0.1281767955801105
665,-0.1281767955801105
666,-0.1281767955801105
667,-0.1281767955801105
668,-0.1281767955801105
669,-0.1281767955801105
670,-0.1281767955801105
671,-0.1281767955801105
672,-0.1281767955801105
673,-0.1281767955801105
674,-0.1281767955801105
675,-0.1281767955801105
676,-0.1281767955801105
677,-0.1281767955801105
678,-0.1281767955801105
679,-0.1281767955801105
680,-0.1281767955801105
681,-0.1281767955801105
682,-0.1281767955801105
683,-0.1281767955801105
684,-0.1281767955801105
685,-0.1281767955801105
686,-0.1281767955801105
687,-0.1281767955801105
688,-0.1281767955801105
689,-0.1281767955801105
690,-0.1281767955801105
691,-0.1281767955801105
692,-0.1281767955801105
693,-0.1281767955801105
694,-0.1281767955801105
695,-0.1281767955801105
696,-0.1281767955801105
697,-0.1281767955801105
698,-0.1281767955801105
699,-0.1281767955801105
700,-0.1281767955801105
701,-0.1281767955801105
702,7.87182320441989
703,-0.1281767955801105
704,-0.1281767955801105
705,-0.1281767955801105
706,-0.1281767955801105
707,-0.1281767955801105
708,-0.1281767955801105
709,-0.1281767955801105
710,-0.1281767955801105
711,-0.1281767955801105
712,-0.1281767955801105
713,-0.1281767955801105
714,-0.1281767955801105
715,-0.1281767955801105
716,-0.1281767955801105
717,-0.1281767955801105
718,-0.1281767955801105
719,-0.1281767955801105
720,-0.1281767955801105
721,-0.1281767955801105
722,-0.1281767955801105
723,-0.1281767955801105
724,-0.1281767955801105
725,-0.1281767955801105
726,-0.1281767955801105
727,-0.1281767955801105
728,-0.1281767955801105
729,-0.1281767955801105
730,-0.1281767955801105
731,-0.1281767955801105
732,-0.1281767955801105
733,-0.1281767955801105
734,-0.1281767955801105
735,-0.1281767955801105
736,-0.1281767955801105
737,-0.1281767955801105
738,-0.1281767955801105
739,-0.1281767955801105
740,-0.1281767955801105
741,-0.1281767955801105
742,-0.1281767955801105
743,-0.1281767955801105
744,-0.1281767955801105
745,-0.1281767955801105
746,-0.1281767955801105
747,-0.1281767955801105
748,9.87182320441989
749,-0.1281767955801105
750,-0.1281767955801105
751,-0.1281767955801105
752,-0.1281767955801105
753,-0.1281767955801105
754,-0.1281767955801105
755,-0.1281767955801105
756,-0.1281767955801105
757,-0.1281767955801105
758,-0.1281767955801105
759,-0.1281767955801105
760,-0.1281767955801105
761,-0.1281767955801105
762,-0.1281767955801105
763,-0.1281767955801105
764,-0.1281767955801105
765,-0.1281767955801105
766,-0.1281767955801105
767,-0.1281767955801105
768,-0.1281767955801105
769,-0.1281767955801105
770,-0.1281767955801105
771,-0.1281767955801105
772,-0.1281767955801105
773,-0.1281767955801105
774,-0.1281767955801105
775,-0.1281767955801105
776,-0.1281767955801105
777,-0.1281767955801105
778,-0.1281767955801105
779,-0.1281767955801105
780,-0.1281767955801105
781,-0.1281767955801105
782,-0.1281767955801105
783,-0.1281767955801105
784,-0.1281767955801105
785,-0.1281767955801105
786,-0.1281767955801105
787,-0.1281767955801105
788,-0.1281767955801105
789,-0.1281767955801105
790,-0.1281767955801105
791,-0.1281767955801105
792,-0.1281767955801105
793,-0.1281767955801105
794,-0.1281767955801105
795,-0.1281767955801105
796,-0.1281767955801105
797,-0.1281767955801105
798,-0.1281767955801105
799,-0.1281767955801105
800,-0.1281767955801105
801,-0.1281767955801105
802,-0.1281767955801105
803,-0.1281767955801105
804,-0.1281767955801105
805,-0.1281767955801105
806,-0.1281767955801105
807,-0.1281767955801105
808,-0.1281767955801105
809,-0.1281767955801105
810,-0.1281767955801105
811,-0.1281767955801105
812,-0.1281767955801105
813,-0.1281767955801105
814,-0.1281767955801105
815,-0.1281767955801105
816,-0.1281767955801105
817,-0.1281767955801105
818,-0.1281767955801105
819,-0.1281767955801105
820,-0.1281767955801105
821,-0.1281767955801105
822,-0.1281767955801105
823,-0.1281767955801105
824,-0.1281767955801105
825,-0.1281767955801105
826,-0.1281767955801105
827,-0.1281767955801105
828,-0.1281767955801105
829,-0.1281767955801105
830,-0.1281767955801105
831,-0.1281767955801105
832,-0.1281767955801105
833,-0.1281767955801105
834,-0.1281767955801105
835,-0.1281767955801105
836,-0.1281767955801105
837,-0.1281767955801105
838,-0.1281767955801105
839,-0.1281767955801105
840,-0.1281767955801105
841,-0.1281767955801105
842,-0.1281767955801105
843,-0.1281767955801105
844,-0.1281767955801105
845,-0.1281767955801105
846,-0.1281767955801105
847,-0.1281767955801105
848,-0.1281767955801105
849,-0.1281767955801105
850,-0.1281767955801105
851,-0.1281767955801105
852,-0.1281767955801105
853,-0.1281767955801105
854,-0.1281767955801105
855,-0.1281767955801105
856,-0.1281767955801105
857,-0.1281767955801105
858,-0.1281767955801105
859,-0.1281767955801105
860,-0.1281767955801105
861,-0.1281767955801105
862,-0.1281767955801105
863,-0.1281767955801105
864,-0.1281767955801105
865,-0.1281767955801105
866,-0.1281767955801105
867,-0.1281767955801105
868,-0.1281767955801105
869,-0.1281767955801105
870,-0.1281767955801105
871,-0.1281767955801105
872,-0.1281767955801105
873,-0.1281767955801105
874,-0.1281767955801105
875,-0.1281767955801105
876,-0.1281767955801105
877,-0.1281767955801105
878,-0.1281767955801105
879,-0.1281767955801105
880,-0.1281767955801105
881,-0.1281767955801105
882,-0.1281767955801105
883,-0.1281767955801105
884,-0.1281767955801105
885,-0.1281767955801105
886,-0.1281767955801105
887,-0.1281767955801105
888,-0.1281767955801105
889,-0.1281767955801105
890,-0.1281767955801105
891,-0.1281767955801105
892,-0.1281767955801105
893,-0.1281767955801105
894,-0.1281767955801105
895,-0.1281767955801105
896,-0.1281767955801105
897,-0.1281767955801105
898,-0.1281767955801105
899,-0.1281767955801105
900,-0.1281767955801105
901,-0.1281767955801105
902,-0.1281767955801105
903,-0.1281767955801105
904,-0.1281767955801105
905,-0.1281767955801105
906,-0.1281767955801105
907,-0.1281767955801105
908,-0.1281767955801105
909,-0.1281767955801105
910,-0.1281767955801105
911,-0.1281767955801105
912,-0.1281767955801105
913,-0.1281767955801105
914,-0.1281767955801105
915,-0.1281767955801105
916,-0.1281767955801105
917,-0.1281767955801105
918,-0.1281767955801105
919,-0.1281767955801105
920,-0.1281767955801105
921,-0.1281767955801105
922,-0.1281767955801105
923,-0.1281767955801105
924,-0.1281767955801105
925,-0.1281767955801105
926,-0.1281767955801105
927,-0.1281767955801105
928,-0.1281767955801105
929,-0.1281767955801105
930,-0.1281767955801105
931,-0.1281767955801105
932,-0.1281767955801105
933,2.8718232044198895
934,-0.1281767955801105
935,-0.1281767955801105
936,-0.1281767955801105
937,-0.1281767955801105
938,-0.1281767955801105
939,-0.1281767955801105
940,-0.1281767955801105
941,-0.1281767955801105
942,-0.1281767955801105
943,-0.1281767955801105
944,-0.1281767955801105
945,-0.1281767955801105
946,-0.1281767955801105
947,-0.1281767955801105
948,-0.1281767955801105
949,-0.1281767955801105
950,-0.1281767955801105
951,9.87182320441989
952,-0.1281767955801105
953,-0.1281767955801105
954,-0.1281767955801105
955,-0.1281767955801105
956,-0.1281767955801105
957,-0.1281767955801105
958,-0.1281767955801105
959,-0.1281767955801105
960,-0.1281767955801105
961,-0.1281767955801105
962,-0.1281767955801105
963,-0.1281767955801105
964,-0.1281767955801105
965,-0.1281767955801105
966,-0.1281767955801105
967,-0.1281767955801105
968,-0.1281767955801105
969,-0.1281767955801105
970,-0.1281767955801105
971,-0.1281767955801105
972,-0.1281767955801105
973,-0.1281767955801105
974,4.87182320441989
975,-0.1281767955801105
976,-0.1281767955801105
977,-0.1281767955801105
978,-0.1281767955801105
979,-0.1281767955801105
980,-0.1281767955801105
981,-0.1281767955801105
982,-0.1281767955801105
983,-0.1281767955801105
984,-0.1281767955801105
985,-0.1281767955801105
986,-0.1281767955801105
987,-0.1281767955801105
988,-0.1281767955801105
989,-0.1281767955801105
990,-0.1281767955801105
991,-0.1281767955801105
992,-0.1281767955801105
993,-0.1281767955801105
994,-0.1281767955801105
995,-0.1281767955801105
996,-0.1281767955801105
997,-0.1281767955801105
998,-0.1281767955801105
999,-0.1281767955801105
1000,-0.1281767955801105
1001,-0.1281767955801105
1002,-0.1281767955801105
1003,-0.1281767955801105
1004,-0.1281767955801105
1005,-0.1281767955801105
1006,-0.1281767955801105
1007,-0.1281767955801105
1008,-0.1281767955801105
1009,-0.1281767955801105
1010,-0.1281767955801105
1011,-0.1281767955801105
1012,-0.1281767955801105
1013,-0.1281767955801105
1014,-0.1281767955801105
1015,-0.1281767955801105
1016,-0.1281767955801105
1017,-0.1281767955801105
1018,-0.1281767955801105
1019,-0.1281767955801105
1020,-0.1281767955801105
1021,-0.1281767955801105
1022,-0.1281767955801105
1023,-0.1281767955801105
1024,-0.1281767955801105
1025,-0.1281767955801105
1026,-0.1281767955801105
1027,-0.1281767955801105
1028,-0.1281767955801105
1029,-0.1281767955801105
1030,-0.1281767955801105
1031,-0.1281767955801105
1032,-0.1281767955801105
1033,-0.1281767955801105
1034,-0.1281767955801105
1035,-0.1281767955801105
1036,-0.1281767955801105
1037,-0.1281767955801105
1038,-0.1281767955801105
1039,-0.1281767955801105
1040,-0.1281767955801105
1041,-0.1281767955801105
1042,-0.1281767955801105
1043,-0.1281767955801105
1044,-0.1281767955801105
1045,-0.1281767955801105
1046,-0.1281767955801105
1047,-0.1281767955801105
1048,-0.1281767955801105
1049,-0.1281767955801105
1050,-0.1281767955801105
1051,-0.1281767955801105
1052,-0.1281767955801105
1053,-0.1281767955801105
1054,-0.1281767955801105
1055,-0.1281767955801105
1056,-0.1281767955801105
1057,-0.1281767955801105
1058,-0.1281767955801105
1059,-0.1281767955801105
1060,-0.1281767955801105
1061,-0.1281767955801105
1062,-0.1281767955801105
1063,-0.1281767955801105
1064,-0.1281767955801105
1065,-0.1281767955801105
1066,0.8718232044198895
1067,-0.1281767955801105
1068,-0.1281767955801105
1069,-0.1281767955801105
1070,-0.1281767955801105
1071,-0.1281767955801105
1072,-0.1281767955801105
1073,-0.1281767955801105
1074,-0.1281767955801105
1075,-0.1281767955801105
1076,-0.1281767955801105
1077,-0.1281767955801105
1078,-0.1281767955801105
1079,-0.1281767955801105
1080,-0.1281767955801105
1081,-0.1281767955801105
1082,-0.1281767955801105
1083,-0.1281767955801105
1084,-0.1281767955801105
1085,-0.1281767955801105
1086,-0.1281767955801105
1087,-0.1281767955801105
1088,-0.1281767955801105
1089,-0.1281767955801105
1090,-0.1281767955801105
1091,-0.1281767955801105
1092,-0.1281767955801105
1093,-0.1281767955801105
1094,-0.1281767955801105
1095,-0.1281767955801105
1096,-0.1281767955801105
1097,-0.1281767955801105
1098,-0.1281767955801105
1099,-0.1281767955801105
1100,-0.1281767955801105
1101,-0.1281767955801105
1102,-0.1281767955801105
1103,-0.1281767955801105
1104,-0.1281767955801105
1105,-0.1281767955801105
1106,-0.1281767955801105
1107,-0.1281767955801105
1108,-0.1281767955801105
1109,-0.1281767955801105
1110,-0.1281767955801105
1111,-0.1281767955801105
1112,-0.1281767955801105
1113,-0.1281767955801105
1114,-0.1281767955801105
1115,-0.1281767955801105
1116,-0.1281767955801105
1117,-0.1281767955801105
1118,-0.1281767955801105
1119,-0.1281767955801105
1120,-0.1281767955801105
1121,-0.1281767955801105
1122,-0.1281767955801105
1123,-0.1281767955801105
1124,-0.1281767955801105
1125,-0.1281767955801105
1126,-0.1281767955801105
1127,-0.1281767955801105
1128,-0.1281767955801105
1129,-0.1281767955801105
1130,-0.1281767955801105
1131,-0.1281767955801105
1132,6.87182320441989
1133,-0.1281767955801105
1134,-0.1281767955801105
1135,-0.1281767955801105
1136,-0.1281767955801105
1137,-0.1281767955801105
1138,-0.1281767955801105
1139,-0.1281767955801105
1140,-0.1281767955801105
1141,-0.1281767955801105
1142,-0.1281767955801105
1143,-0.1281767955801105
1144,3.8718232044198895
1145,-0.1281767955801105
1146,-0.1281767955801105
1147,-0.1281767955801105
1148,-0.1281767955801105
1149,-0.1281767955801105
1150,-0.1281767955801105
1151,-0.1281767955801105
1152,-0.1281767955801105
1153,-0.1281767955801105
1154,-0.1281767955801105
1155,-0.1281767955801105
1156,-0.1281767955801105
1157,-0.1281767955801105
1158,-0.1281767955801105
1159,-0.1281767955801105
1160,-0.1281767955801105
1161,-0.1281767955801105
1162,-0.1281767955801105
1163,-0.1281767955801105
1164,-0.1281767955801105
1165,-0.1281767955801105
1166,-0.1281767955801105
1167,-0.1281767955801105
1168,-0.1281767955801105
1169,-0.1281767955801105
1170,-0.1281767955801105
1171,-0.1281767955801105
1172,-0.1281767955801105
1173,-0.1281767955801105
1174,-0.1281767955801105
1175,-0.1281767955801105
1176,-0.1281767955801105
1177,-0.1281767955801105
1178,-0.1281767955801105
1179,-0.1281767955801105
1180,-0.1281767955801105
1181,-0.1281767955801105
1182,-0.1281767955801105
1183,-0.1281767955801105
1184,-0.1281767955801105
1185,-0.1281767955801105
1186,-0.1281767955801105
1187,-0.1281767955801105
1188,-0.1281767955801105
1189,-0.1281767955801105
1190,-0.1281767955801105
1191,-0.1281767955801105
1192,-0.1281767955801105
1193,-0.1281767955801105
1194,-0.1281767955801105
1195,-0.1281767955801105
1196,-0.1281767955801105
1197,-0.1281767955801105
1198,-0.1281767955801105
1199,-0.1281767955801105
1200,-0.1281767955801105
1201,-0.1281767955801105
1202,-0.1281767955801105
1203,-0.1281767955801105
1204,-0.1281767955801105
1205,-0.1281767955801105
1206,-0.1281767955801105
1207,-0.1281767955801105
1208,-0.1281767955801105
1209,-0.1281767955801105
1210,-0.1281767955801105
1211,-0.1281767955801105
1212,-0.1281767955801105
1213,-0.1281767955801105
1214,-0.1281767955801105
1215,-0.1281767955801105
1216,-0.1281767955801105
1217,-0.1281767955801105
1218,-0.1281767955801105
1219,-0.1281767955801105
1220,-0.1281767955801105
1221,-0.1281767955801105
1222,-0.1281767955801105
1223,-0.1281767955801105
1224,-0.1281767955801105
1225,-0.1281767955801105
1226,-0.1281767955801105
1227,-0.1281767955801105
1228,-0.1281767955801105
1229,-0.1281767955801105
1230,-0.1281767955801105
1231,-0.1281767955801105
1232,-0.1281767955801105
1233,-0.1281767955801105
1234,-0.1281767955801105
1235,-0.1281767955801105
1236,-0.1281767955801105
1237,-0.1281767955801105
1238,-0.1281767955801105
1239,-0.1281767955801105
1240,-0.1281767955801105
1241,-0.1281767955801105
1242,-0.1281767955801105
1243,-0.1281767955801105
1244,-0.1281767955801105
1245,-0.1281767955801105
1246,-0.1281767955801105
1247,-0.1281767955801105
1248,3.8718232044198895
1249,-0.1281767955801105
1250,-0.1281767955801105
1251,-0.1281767955801105
1252,-0.1281767955801105
1253,-0.1281767955801105
1254,-0.1281767955801105
1255,-0.1281767955801105
1256,-0.1281767955801105
1257,-0.1281767955801105
1258,-0.1281767955801105
1259,-0.1281767955801105
1260,-0.1281767955801105
1261,-0.1281767955801105
1262,-0.1281767955801105
1263,-0.1281767955801105
1264,-0.1281767955801105
1265,-0.1281767955801105
1266,-0.1281767955801105
1267,-0.1281767955801105
1268,-0.1281767955801105
1269,-0.1281767955801105
1270,-0.1281767955801105
1271,-0.1281767955801105
1272,-0.1281767955801105
1273,-0.1281767955801105
1274,-0.1281767955801105
1275,-0.1281767955801105
1276,-0.1281767955801105
1277,-0.1281767955801105
1278,-0.1281767955801105
1279,-0.1281767955801105
1280,-0.1281767955801105
1281,-0.1281767955801105
1282,-0.1281767955801105
1283,-0.1281767955801105
1284,-0.1281767955801105
1285,-0.1281767955801105
1286,-0.1281767955801105
1287,-0.1281767955801105
1288,-0.1281767955801105
1289,-0.1281767955801105
1290,-0.1281767955801105
1291,1.8718232044198895
1292,-0.1281767955801105
1293,-0.1281767955801105
1294,-0.1281767955801105
1295,-0.1281767955801105
1296,-0.1281767955801105
1297,-0.1281767955801105
1298,-0.1281767955801105
1299,-0.1281767955801105
1300,-0.1281767955801105
1301,-0.1281767955801105
1302,-0.1281767955801105
1303,-0.1281767955801105
1304,-0.1281767955801105
1305,-0.1281767955801105
1306,-0.1281767955801105
1307,-0.1281767955801105
1308,-0.1281767955801105
1309,-0.1281767955801105
1310,-0.1281767955801105
1311,-0.1281767955801105
1312,-0.1281767955801105
1313,-0.1281767955801105
1314,-0.1281767955801105
1315,-0.1281767955801105
1316,-0.1281767955801105
1317,-0.1281767955801105
1318,-0.1281767955801105
1319,-0.1281767955801105
1320,-0.1281767955801105
1321,-0.1281767955801105
1322,-0.1281767955801105
1323,-0.1281767955801105
1324,-0.1281767955801105
1325,-0.1281767955801105
1326,-0.1281767955801105
1327,-0.1281767955801105
1328,-0.1281767955801105
1329,-0.1281767955801105
1330,-0.1281767955801105
1331,-0.1281767955801105
1332,-0.1281767955801105
1333,-0.1281767955801105
1334,-0.1281767955801105
1335,-0.1281767955801105
1336,-0.1281767955801105
1337,-0.1281767955801105
1338,-0.1281767955801105
1339,-0.1281767955801105
1340,-0.1281767955801105
1341,-0.1281767955801105
1342,-0.1281767955801105
1343,-0.1281767955801105
1344,-0.1281767955801105
1345,-0.1281767955801105
1346,-0.1281767955801105
1347,-0.1281767955801105
1348,-0.1281767955801105
1349,-0.1281767955801105
1350,-0.1281767955801105
1351,-0.1281767955801105
1352,-0.1281767955801105
1353,-0.1281767955801105
1354,-0.1281767955801105
1355,-0.1281767955801105
1356,-0.1281767955801105
1357,-0.1281767955801105
1358,-0.1281767955801105
1359,-0.1281767955801105
1360,-0.1281767955801105
1361,-0.1281767955801105
1362,-0.1281767955801105
1363,-0.1281767955801105
1364,-0.1281767955801105
1365,-0.1281767955801105
1366,-0.1281767955801105
1367,-0.1281767955801105
1368,-0.1281767955801105
1369,-0.1281767955801105
1370,-0.1281767955801105
1371,-0.1281767955801105
1372,-0.1281767955801105
1373,-0.1281767955801105
1374,-0.1281767955801105
1375,-0.1281767955801105
1376,-0.1281767955801105
1377,-0.1281767955801105
1378,-0.1281767955801105
1379,-0.1281767955801105
1380,-0.1281767955801105
1381,-0.1281767955801105
1382,-0.1281767955801105
1383,-0.1281767955801105
1384,-0.1281767955801105
1385,-0.1281767955801105
1386,-0.1281767955801105
1387,-0.1281767955801105
1388,-0.1281767955801105
1389,-0.1281767955801105
1390,-0.1281767955801105
1391,-0.1281767955801105
1392,-0.1281767955801105
1393,-0.1281767955801105
1394,-0.1281767955801105
1395,-0.1281767955801105
1396,-0.1281767955801105
1397,-0.1281767955801105
1398,-0.1281767955801105
1399,-0.1281767955801105
1400,-0.1281767955801105
1401,-0.1281767955801105
1402,-0.1281767955801105
1403,-0.1281767955801105
1404,-0.1281767955801105
1405,-0.1281767955801105
1406,-0.1281767955801105
1407,-0.1281767955801105
1408,-0.1281767955801105
1409,-0.1281767955801105
1410,-0.1281767955801105
1411,-0.1281767955801105
1412,-0.1281767955801105
1413,-0.1281767955801105
1414,-0.1281767955801105
1415,-0.1281767955801105
1416,-0.1281767955801105
1417,-0.1281767955801105
1418,-0.1281767955801105
1419,-0.1281767955801105
1420,-0.1281767955801105
1421,-0.1281767955801105
1422,-0.1281767955801105
1423,-0.1281767955801105
1424,-0.1281767955801105
1425,-0.1281767955801105
1426,-0.1281767955801105
1427,-0.1281767955801105
1428,-0.1281767955801105
1429,-0.1281767955801105
1430,-0.1281767955801105
1431,-0.1281767955801105
1432,-0.1281767955801105
1433,-0.1281767955801105
1434,-0.1281767955801105
1435,-0.1281767955801105
1436,-0.1281767955801105
1437,-0.1281767955801105
1438,-0.1281767955801105
1439,-0.1281767955801105
1440,-0.1281767955801105
1441,-0.1281767955801105
1442,-0.1281767955801105
1443,-0.1281767955801105
1444,-0.1281767955801105
1445,-0.1281767955801105
1446,-0.1281767955801105
1447,-0.1281767955801105
1448,-0.1281767955801105
1449,-0.1281767955801105
1450,-0.1281767955801105
1451,-0.1281767955801105
1452,-0.1281767955801105
1453,-0.1281767955801105
1454,-0.1281767955801105
1455,-0.1281767955801105
1456,-0.1281767955801105
1457,-0.1281767955801105
1458,-0.1281767955801105
1459,-0.1281767955801105
1460,-0.1281767955801105
1461,-0.1281767955801105
1462,-0.1281767955801105
1463,-0.1281767955801105
1464,9.87182320441989
1465,-0.1281767955801105
1466,-0.1281767955801105
1467,-0.1281767955801105
1468,-0.1281767955801105
1469,-0.1281767955801105
1470,-0.1281767955801105
1471,-0.1281767955801105
1472,-0.1281767955801105
1473,-0.1281767955801105
1474,-0.1281767955801105
1475,-0.1281767955801105
1476,-0.1281767955801105
1477,-0.1281767955801105
1478,-0.1281767955801105
1479,-0.1281767955801105
1480,-0.1281767955801105
1481,-0.1281767955801105
1482,-0.1281767955801105
1483,-0.1281767955801105
1484,-0.1281767955801105
1485,-0.1281767955801105
1486,-0.1281767955801105
1487,-0.1281767955801105
1488,-0.1281767955801105
1489,-0.1281767955801105
1490,-0.1281767955801105
1491,-0.1281767955801105
1492,-0.1281767955801105
1493,-0.1281767955801105
1494,-0.1281767955801105
1495,-0.1281767955801105
1496,-0.1281767955801105
1497,-0.1281767955801105
1498,-0.1281767955801105
1499,-0.1281767955801105
1500,-0.1281767955801105
1501,-0.1281767955801105
1502,-0.1281767955801105
1503,-0.1281767955801105
1504,-0.1281767955801105
1505,-0.1281767955801105
1506,-0.1281767955801105
1507,-0.1281767955801105
1508,-0.1281767955801105
1509,-0.1281767955801105
1510,-0.1281767955801105
1511,2.8718232044198895
1512,-0.1281767955801105
1513,-0.1281767955801105
1514,0.8718232044198895
1515,-0.1281767955801105
1516,-0.1281767955801105
1517,-0.1281767955801105
1518,-0.1281767955801105
1519,-0.1281767955801105
1520,-0.1281767955801105
1521,-0.1281767955801105
1522,-0.1281767955801105
1523,-0.1281767955801105
1524,-0.1281767955801105
1525,-0.1281767955801105
1526,-0.1281767955801105
1527,-0.1281767955801105
1528,-0.1281767955801105
1529,-0.1281767955801105
1530,-0.1281767955801105
1531,-0.1281767955801105
1532,-0.1281767955801105
1533,-0.1281767955801105
1534,-0.1281767955801105
1535,-0.1281767955801105
1536,-0.1281767955801105
1537,-0.1281767955801105
1538,-0.1281767955801105
1539,-0.1281767955801105
1540,-0.1281767955801105
1541,-0.1281767955801105
1542,-0.1281767955801105
1543,-0.1281767955801105
1544,-0.1281767955801105
1545,-0.1281767955801105
1546,-0.1281767955801105
1547,-0.1281767955801105
1548,-0.1281767955801105
1549,-0.1281767955801105
1550,-0.1281767955801105
1551,-0.1281767955801105
1552,-0.1281767955801105
1553,-0.1281767955801105
1554,-0.1281767955801105
1555,-0.1281767955801105
1556,-0.1281767955801105
1557,-0.1281767955801105
1558,-0.1281767955801105
1559,-0.1281767955801105
1560,-0.1281767955801105
1561,-0.1281767955801105
1562,-0.1281767955801105
1563,-0.1281767955801105
1564,-0.1281767955801105
1565,-0.1281767955801105
1566,-0.1281767955801105
1567,-0.1281767955801105
1568,-0.1281767955801105
1569,-0.1281767955801105
1570,-0.1281767955801105
1571,-0.1281767955801105
1572,-0.1281767955801105
1573,-0.1281767955801105
1574,-0.1281767955801105
1575,-0.1281767955801105
1576,-0.1281767955801105
1577,-0.1281767955801105
1578,-0.1281767955801105
1579,-0.1281767955801105
1580,-0.1281767955801105
1581,-0.1281767955801105
1582,-0.1281767955801105
1583,-0.1281767955801105
1584,-0.1281767955801105
1585,-0.1281767955801105
1586,-0.1281767955801105
1587,-0.1281767955801105
1588,-0.1281767955801105
1589,-0.1281767955801105
1590,-0.1281767955801105
1591,-0.1281767955801105
1592,-0.1281767955801105
1593,-0.1281767955801105
1594,-0.1281767955801105
1595,-0.1281767955801105
1596,-0.1281767955801105
1597,-0.1281767955801105
1598,-0.1281767955801105
1599,-0.1281767955801105
1600,-0.1281767955801105
1601,-0.1281767955801105
1602,-0.1281767955801105
1603,-0.1281767955801105
1604,-0.1281767955801105
1605,-0.1281767955801105
1606,-0.1281767955801105
1607,-0.1281767955801105
1608,-0.1281767955801105
1609,-0.1281767955801105
1610,-0.1281767955801105
1611,-0.1281767955801105
1612,-0.1281767955801105
1613,-0.1281767955801105
1614,-0.1281767955801105
1615,-0.1281767955801105
1616,-0.1281767955801105
1617,-0.1281767955801105
1618,-0.1281767955801105
1619,0.8718232044198895
1620,-0.1281767955801105
1621,-0.1281767955801105
1622,-0.1281767955801105
1623,-0.1281767955801105
1624,-0.1281767955801105
1625,-0.1281767955801105
1626,-0.1281767955801105
1627,-0.1281767955801105
1628,-0.1281767955801105
1629,-0.1281767955801105
1630,-0.1281767955801105
1631,-0.1281767955801105
1632,-0.1281767955801105
1633,-0.1281767955801105
1634,-0.1281767955801105
1635,-0.1281767955801105
1636,-0.1281767955801105
1637,-0.1281767955801105
1638,-0.1281767955801105
1639,-0.1281767955801105
1640,-0.1281767955801105
1641,-0.1281767955801105
1642,-0.1281767955801105
1643,-0.1281767955801105
1644,-0.1281767955801105
1645,-0.1281767955801105
1646,-0.1281767955801105
1647,-0.1281767955801105
1648,-0.1281767955801105
1649,-0.1281767955801105
1650,-0.1281767955801105
1651,-0.1281767955801105
1652,-0.1281767955801105
1653,-0.1281767955801105
1654,-0.1281767955801105
1655,-0.1281767955801105
1656,-0.1281767955801105
1657,-0.1281767955801105
1658,-0.1281767955801105
1659,-0.1281767955801105
1660,-0.1281767955801105
1661,-0.1281767955801105
1662,-0.1281767955801105
1663,-0.1281767955801105
1664,-0.1281767955801105
1665,-0.1281767955801105
1666,-0.1281767955801105
1667,-0.1281767955801105
1668,-0.1281767955801105
1669,-0.1281767955801105
1670,-0.1281767955801105
1671,-0.1281767955801105
1672,-0.1281767955801105
1673,-0.1281767955801105
1674,-0.1281767955801105
1675,-0.1281767955801105
1676,-0.1281767955801105
1677,-0.1281767955801105
1678,-0.1281767955801105
1679,-0.1281767955801105
1680,-0.1281767955801105
1681,-0.1281767955801105
1682,-0.1281767955801105
1683,-0.1281767955801105
1684,-0.1281767955801105
1685,-0.1281767955801105
1686,-0.1281767955801105
1687,-0.1281767955801105
1688,-0.1281767955801105
1689,-0.1281767955801105
1690,-0.1281767955801105
1691,-0.1281767955801105
1692,-0.1281767955801105
1693,-0.1281767955801105
1694,-0.1281767955801105
1695,-0.1281767955801105
1696,-0.1281767955801105
1697,-0.1281767955801105
1698,-0.1281767955801105
1699,-0.1281767955801105
1700,-0.1281767955801105
1701,-0.1281767955801105
1702,-0.1281767955801105
1703,-0.1281767955801105
1704,-0.1281767955801105
1705,-0.1281767955801105
1706,-0.1281767955801105
1707,-0.1281767955801105
1708,-0.1281767955801105
1709,-0.1281767955801105
1710,-0.1281767955801105
1711,-0.1281767955801105
1712,-0.1281767955801105
1713,-0.1281767955801105
1714,-0.1281767955801105
1715,-0.1281767955801105
1716,-0.1281767955801105
1717,-0.1281767955801105
1718,-0.1281767955801105
1719,-0.1281767955801105
1720,-0.1281767955801105
1721,-0.1281767955801105
1722,-0.1281767955801105
1723,-0.1281767955801105
1724,-0.1281767955801105
1725,-0.1281767955801105
1726,-0.1281767955801105
1727,-0.1281767955801105
1728,-0.1281767955801105
1729,-0.1281767955801105
1730,-0.1281767955801105
1731,-0.1281767955801105
1732,-0.1281767955801105
1733,-0.1281767955801105
1734,-0.1281767955801105
1735,-0.1281767955801105
1736,-0.1281767955801105
1737,-0.1281767955801105
1738,-0.1281767955801105
1739,-0.1281767955801105
1740,-0.1281767955801105
1741,-0.1281767955801105
1742,-0.1281767955801105
1743,-0.1281767955801105
1744,-0.1281767955801105
1745,-0.1281767955801105
1746,-0.1281767955801105
1747,-0.1281767955801105
1748,-0.1281767955801105
1749,-0.1281767955801105
1750,-0.1281767955801105
1751,-0.1281767955801105
1752,-0.1281767955801105
1753,-0.1281767955801105
1754,-0.1281767955801105
1755,-0.1281767955801105
1756,-0.1281767955801105
1757,-0.1281767955801105
1758,-0.1281767955801105
1759,-0.1281767955801105
1760,-0.1281767955801105
1761,-0.1281767955801105
1762,-0.1281767955801105
1763,-0.1281767955801105
1764,-0.1281767955801105
1765,-0.1281767955801105
1766,-0.1281767955801105
1767,-0.1281767955801105
1768,-0.1281767955801105
1769,9.87182320441989
1770,-0.1281767955801105
1771,-0.1281767955801105
1772,-0.1281767955801105
1773,-0.1281767955801105
1774,-0.1281767955801105
1775,-0.1281767955801105
1776,-0.1281767955801105
1777,-0.1281767955801105
1778,-0.1281767955801105
1779,-0.1281767955801105
1780,-0.1281767955801105
1781,-0.1281767955801105
1782,-0.1281767955801105
1783,-0.1281767955801105
1784,-0.1281767955801105
1785,-0.1281767955801105
1786,-0.1281767955801105
1787,-0.1281767955801105
1788,-0.1281767955801105
1789,-0.1281767955801105
1790,-0.1281767955801105
1791,-0.1281767955801105
1792,-0.1281767955801105
1793,-0.1281767955801105
1794,-0.1281767955801105
1795,-0.1281767955801105
1796,-0.1281767955801105
1797,-0.1281767955801105
1798,-0.1281767955801105
1799,-0.1281767955801105
1800,-0.1281767955801105
1801,-0.1281767955801105
1802,-0.1281767955801105
1803,-0.1281767955801105
1804,-0.1281767955801105
1805,-0.1281767955801105
1806,-0.1281767955801105
1807,-0.1281767955801105
1808,-0.1281767955801105
1809,-0.1281767955801105
1810,-0.1281767955801105
1811,-0.1281767955801105
1812,-0.1281767955801105
1813,-0.1281767955801105
1814,-0.1281767955801105
1815,-0.1281767955801105
1816,-0.1281767955801105
1817,-0.1281767955801105
1818,-0.1281767955801105
1819,-0.1281767955801105
1820,-0.1281767955801105
1821,-0.1281767955801105
1822,-0.1281767955801105
1823,-0.1281767955801105
1824,-0.1281767955801105
1825,-0.1281767955801105
1826,-0.1281767955801105
1827,-0.1281767955801105
1828,-0.1281767955801105
1829,-0.1281767955801105
1830,-0.1281767955801105
1831,-0.1281767955801105
1832,-0.1281767955801105
1833,-0.1281767955801105
1834,-0.1281767955801105
1835,-0.1281767955801105
1836,-0.1281767955801105
1837,-0.1281767955801105
1838,-0.1281767955801105
1839,-0.1281767955801105
1840,-0.1281767955801105
1841,-0.1281767955801105
1842,-0.1281767955801105
1843,-0.1281767955801105
1844,-0.1281767955801105
1845,-0.1281767955801105
1846,-0.1281767955801105
1847,-0.1281767955801105
1848,9.87182320441989
1849,-0.1281767955801105
1850,-0.1281767955801105
1851,-0.1281767955801105
1852,-0.1281767955801105
1853,-0.1281767955801105
1854,-0.1281767955801105
1855,-0.1281767955801105
1856,-0.1281767955801105
1857,-0.1281767955801105
1858,-0.1281767955801105
1859,-0.1281767955801105
1860,-0.1281767955801105
1861,-0.1281767955801105
1862,-0.1281767955801105
1863,-0.1281767955801105
1864,-0.1281767955801105
1865,-0.1281767955801105
1866,-0.1281767955801105
1867,-0.1281767955801105
1868,-0.1281767955801105
1869,-0.1281767955801105
1870,-0.1281767955801105
1871,-0.1281767955801105
1872,-0.1281767955801105
1873,-0.1281767955801105
1874,-0.1281767955801105
1875,-0.1281767955801105
1876,-0.1281767955801105
1877,-0.1281767955801105
1878,-0.1281767955801105
1879,-0.1281767955801105
1880,-0.1281767955801105
1881,-0.1281767955801105
1882,-0.1281767955801105
1883,-0.1281767955801105
1884,-0.1281767955801105
1885,-0.1281767955801105
1886,-0.1281767955801105
1887,-0.1281767955801105
1888,-0.1281767955801105
1889,-0.1281767955801105
1890,-0.1281767955801105
1891,-0.1281767955801105
1892,-0.1281767955801105
1893,-0.1281767955801105
1894,-0.1281767955801105
1895,-0.1281767955801105
1896,-0.1281767955801105
1897,-0.1281767955801105
1898,-0.1281767955801105
1899,-0.1281767955801105
1900,-0.1281767955801105
1901,-0.1281767955801105
1902,-0.1281767955801105
1903,-0.1281767955801105
1904,-0.1281767955801105
1905,-0.1281767955801105
1906,-0.1281767955801105
1907,-0.1281767955801105
1908,-0.1281767955801105
1909,-0.1281767955801105
1910,-0.1281767955801105
1911,-0.1281767955801105
1912,-0.1281767955801105
1913,-0.1281767955801105
1914,-0.1281767955801105
1915,-0.1281767955801105
1916,-0.1281767955801105
1917,-0.1281767955801105
1918,-0.1281767955801105
1919,-0.1281767955801105
1920,-0.1281767955801105
1921,-0.1281767955801105
1922,-0.1281767955801105
1923,-0.1281767955801105
1924,-0.1281767955801105
1925,-0.1281767955801105
1926,-0.1281767955801105
1927,-0.1281767955801105
1928,-0.1281767955801105
1929,-0.1281767955801105
1930,-0.1281767955801105
1931,-0.1281767955801105
1932,-0.1281767955801105
1933,-0.1281767955801105
1934,-0.1281767955801105
1935,-0.1281767955801105
1936,-0.1281767955801105
1937,-0.1281767955801105
1938,-0.1281767955801105
1939,-0.1281767955801105
1940,-0.1281767955801105
1941,-0.1281767955801105
1942,-0.1281767955801105
1943,-0.1281767955801105
1944,-0.1281767955801105
1945,-0.1281767955801105
1946,-0.1281767955801105
1947,-0.1281767955801105
1948,-0.1281767955801105
1949,-0.1281767955801105
1950,-0.1281767955801105
1951,-0.1281767955801105
1952,-0.1281767955801105
1953,-0.1281767955801105
1954,-0.1281767955801105
1955,-0.1281767955801105
1956,-0.1281767955801105
1957,-0.1281767955801105
1958,-0.1281767955801105
1959,-0.1281767955801105
1960,-0.1281767955801105
1961,-0.1281767955801105
1962,-0.1281767955801105
1963,-0.1281767955801105
1964,-0.1281767955801105
1965,-0.1281767955801105
1966,-0.1281767955801105
1967,-0.1281767955801105
1968,-0.1281767955801105
1969,0.8718232044198895
1970,-0.1281767955801105
1971,-0.1281767955801105
1972,-0.1281767955801105
1973,-0.1281767955801105
1974,-0.1281767955801105
1975,-0.1281767955801105
1976,-0.1281767955801105
1977,-0.1281767955801105
1978,-0.1281767955801105
1979,-0.1281767955801105
1980,-0.1281767955801105
1981,-0.1281767955801105
1982,-0.1281767955801105
1983,-0.1281767955801105
1984,-0.1281767955801105
1985,-0.1281767955801105
1986,-0.1281767955801105
1987,-0.1281767955801105
1988,-0.1281767955801105
1989,-0.1281767955801105
1990,-0.1281767955801105
1991,-0.1281767955801105
1992,-0.1281767955801105
1993,-0.1281767955801105
1994,-0.1281767955801105
1995,-0.1281767955801105
1996,-0.1281767955801105
1997,-0.1281767955801105
1998,-0.1281767955801105
1999,-0.1281767955801105
2000,-0.1281767955801105
2001,-0.1281767955801105
2002,-0.1281767955801105
2003,-0.1281767955801105
2004,-0.1281767955801105
2005,-0.1281767955801105
2006,-0.1281767955801105
2007,-0.1281767955801105
2008,-0.1281767955801105
2009,-0.1281767955801105
2010,-0.1281767955801105
2011,-0.1281767955801105
2012,-0.1281767955801105
2013,-0.1281767955801105
2014,-0.1281767955801105
2015,-0.1281767955801105
2016,-0.1281767955801105
2017,-0.1281767955801105
2018,-0.1281767955801105
2019,-0.1281767955801105
2020,-0.1281767955801105
2021,-0.1281767955801105
2022,-0.1281767955801105
2023,-0.1281767955801105
2024,-0.1281767955801105
2025,-0.1281767955801105
2026,-0.1281767955801105
2027,-0.1281767955801105
2028,-0.1281767955801105
2029,-0.1281767955801105
2030,-0.1281767955801105
2031,-0.1281767955801105
2032,-0.1281767955801105
2033,-0.1281767955801105
2034,-0.1281767955801105
2035,-0.1281767955801105
2036,-0.1281767955801105
2037,-0.1281767955801105
2038,-0.1281767955801105
2039,-0.1281767955801105
2040,-0.1281767955801105
2041,-0.1281767955801105
2042,-0.1281767955801105
2043,-0.1281767955801105
2044,-0.1281767955801105
2045,-0.1281767955801105
2046,-0.1281767955801105
2047,-0.1281767955801105
2048,-0.1281767955801105
2049,-0.1281767955801105
2050,-0.1281767955801105
2051,-0.1281767955801105
2052,-0.1281767955801105
2053,-0.1281767955801105
2054,-0.1281767955801105
2055,-0.1281767955801105
2056,-0.1281767955801105
2057,-0.1281767955801105
2058,-0.1281767955801105
2059,-0.1281767955801105
2060,-0.1281767955801105
2061,-0.1281767955801105
2062,-0.1281767955801105
2063,-0.1281767955801105
2064,-0.1281767955801105
2065,-0.1281767955801105
2066,-0.1281767955801105
2067,-0.1281767955801105
2068,-0.1281767955801105
2069,-0.1281767955801105
2070,-0.1281767955801105
2071,-0.1281767955801105
2072,-0.1281767955801105
2073,-0.1281767955801105
2074,-0.1281767955801105
2075,-0.1281767955801105
2076,-0.1281767955801105
2077,-0.1281767955801105
2078,-0.1281767955801105
2079,-0.1281767955801105
2080,-0.1281767955801105
2081,-0.1281767955801105
2082,-0.1281767955801105
2083,-0.1281767955801105
2084,-0.1281767955801105
2085,-0.1281767955801105
2086,-0.1281767955801105
2087,-0.1281767955801105
2088,-0.1281767955801105
2089,-0.1281767955801105
2090,-0.1281767955801105
2091,-0.1281767955801105
2092,-0.1281767955801105
2093,-0.1281767955801105
2094,0.8718232044198895
2095,-0.1281767955801105
2096,-0.1281767955801105
2097,-0.1281767955801105
2098,-0.1281767955801105
2099,-0.1281767955801105
2100,-0.1281767955801105
2101,-0.1281767955801105
2102,-0.1281767955801105
2103,-0.1281767955801105
2104,-0.1281767955801105
2105,-0.1281767955801105
2106,-0.1281767955801105
2107,-0.1281767955801105
2108,-0.1281767955801105
2109,-0.1281767955801105
2110,-0.1281767955801105
2111,-0.1281767955801105
2112,-0.1281767955801105
2113,-0.1281767955801105
2114,-0.1281767955801105
2115,-0.1281767955801105
2116,-0.1281767955801105
2117,-0.1281767955801105
2118,-0.1281767955801105
2119,-0.1281767955801105
2120,-0.1281767955801105
2121,-0.1281767955801105
2122,-0.1281767955801105
2123,-0.1281767955801105
2124,-0.1281767955801105
2125,-0.1281767955801105
2126,-0.1281767955801105
2127,-0.1281767955801105
2128,-0.1281767955801105
2129,3.8718232044198895
2130,-0.1281767955801105
2131,-0.1281767955801105
2132,-0.1281767955801105
2133,-0.1281767955801105
2134,-0.1281767955801105
2135,-0.1281767955801105
2136,-0.1281767955801105
2137,-0.1281767955801105
2138,-0.1281767955801105
2139,-0.1281767955801105
2140,-0.1281767955801105
2141,-0.1281767955801105
2142,-0.1281767955801105
2143,-0.1281767955801105
2144,-0.1281767955801105
2145,-0.1281767955801105
2146,-0.1281767955801105
2147,-0.1281767955801105
2148,-0.1281767955801105
2149,-0.1281767955801105
2150,-0.1281767955801105
2151,-0.1281767955801105
2152,-0.1281767955801105
2153,-0.1281767955801105
2154,-0.1281767955801105
2155,-0.1281767955801105
2156,-0.1281767955801105
2157,-0.1281767955801105
2158,-0.1281767955801105
2159,-0.1281767955801105
2160,-0.1281767955801105
2161,-0.1281767955801105
2162,-0.1281767955801105
2163,-0.1281767955801105
2164,-0.1281767955801105
2165,-0.1281767955801105
2166,-0.1281767955801105
2167,-0.1281767955801105
2168,-0.1281767955801105
2169,-0.1281767955801105
2170,-0.1281767955801105
2171,-0.1281767955801105
2172,-0.1281767955801105
2173,-0.1281767955801105
2174,-0.1281767955801105
2175,-0.1281767955801105
2176,-0.1281767955801105
2177,-0.1281767955801105
2178,-0.1281767955801105
2179,-0.1281767955801105
2180,-0.1281767955801105
2181,-0.1281767955801105
2182,-0.1281767955801105
2183,-0.1281767955801105
2184,-0.1281767955801105
2185,-0.1281767955801105
2186,-0.1281767955801105
2187,-0.1281767955801105
2188,-0.1281767955801105
2189,-0.1281767955801105
2190,-0.1281767955801105
2191,-0.1281767955801105
2192,-0.1281767955801105
2193,4.87182320441989
2194,-0.1281767955801105
2195,-0.1281767955801105
2196,-0.1281767955801105
2197,-0.1281767955801105
2198,-0.1281767955801105
2199,-0.1281767955801105
2200,-0.1281767955801105
2201,-0.1281767955801105
2202,-0.1281767955801105
2203,-0.1281767955801105
2204,-0.1281767955801105
2205,-0.1281767955801105
2206,-0.1281767955801105
2207,-0.1281767955801105
2208,-0.1281767955801105
2209,-0.1281767955801105
2210,-0.1281767955801105
2211,-0.1281767955801105
2212,-0.1281767955801105
2213,-0.1281767955801105
2214,-0.1281767955801105
2215,-0.1281767955801105
2216,-0.1281767955801105
2217,-0.1281767955801105
2218,-0.1281767955801105
2219,-0.1281767955801105
2220,-0.1281767955801105
2221,-0.1281767955801105
2222,-0.1281767955801105
2223,-0.1281767955801105
2224,-0.1281767955801105
2225,-0.1281767955801105
2226,-0.1281767955801105
2227,-0.1281767955801105
2228,-0.1281767955801105
2229,-0.1281767955801105
2230,-0.1281767955801105
2231,-0.1281767955801105
2232,-0.1281767955801105
2233,-0.1281767955801105
2234,-0.1281767955801105
2235,-0.1281767955801105
2236,-0.1281767955801105
2237,-0.1281767955801105
2238,-0.1281767955801105
2239,-0.1281767955801105
2240,-0.1281767955801105
2241,-0.1281767955801105
2242,-0.1281767955801105
2243,-0.1281767955801105
2244,-0.1281767955801105
2245,-0.1281767955801105
2246,-0.1281767955801105
2247,-0.1281767955801105
2248,-0.1281767955801105
2249,-0.1281767955801105
2250,-0.1281767955801105
2251,-0.1281767955801105
2252,-0.1281767955801105
2253,-0.1281767955801105
2254,-0.1281767955801105
2255,-0.1281767955801105
2256,-0.1281767955801105
2257,-0.1281767955801105
2258,-0.1281767955801105
2259,-0.1281767955801105
2260,0.8718232044198895
2261,-0.1281767955801105
2262,-0.1281767955801105
2263,-0.1281767955801105
2264,-0.1281767955801105
2265,-0.1281767955801105
2266,-0.1281767955801105
2267,-0.1281767955801105
2268,-0.1281767955801105
2269,-0.1281767955801105
2270,4.87182320441989
2271,-0.1281767955801105
2272,-0.1281767955801105
2273,-0.1281767955801105
2274,-0.1281767955801105
2275,-0.1281767955801105
2276,-0.1281767955801105
2277,-0.1281767955801105
2278,-0.1281767955801105
2279,-0.1281767955801105
2280,-0.1281767955801105
2281,-0.1281767955801105
2282,-0.1281767955801105
2283,-0.1281767955801105
2284,-0.1281767955801105
2285,-0.1281767955801105
2286,-0.1281767955801105
2287,-0.1281767955801105
2288,-0.1281767955801105
2289,-0.1281767955801105
2290,-0.1281767955801105
2291,-0.1281767955801105
2292,-0.1281767955801105
2293,-0.1281767955801105
2294,-0.1281767955801105
2295,-0.1281767955801105
2296,-0.1281767955801105
2297,-0.1281767955801105
2298,-0.1281767955801105
2299,-0.1281767955801105
2300,-0.1281767955801105
2301,-0.1281767955801105
2302,-0.1281767955801105
2303,-0.1281767955801105
2304,-0.1281767955801105
2305,-0.1281767955801105
2306,-0.1281767955801105
2307,-0.1281767955801105
2308,-0.1281767955801105
2309,-0.1281767955801105
2310,-0.1281767955801105
2311,-0.1281767955801105
2312,-0.1281767955801105
2313,-0.1281767955801105
2314,-0.1281767955801105
2315,-0.1281767955801105
2316,-0.1281767955801105
2317,-0.1281767955801105
2318,-0.1281767955801105
2319,-0.1281767955801105
2320,-0.1281767955801105
2321,-0.1281767955801105
2322,-0.1281767955801105
2323,-0.1281767955801105
2324,9.87182320441989
2325,9.87182320441989
2326,-0.1281767955801105
2327,-0.1281767955801105
2328,-0.1281767955801105
2329,-0.1281767955801105
2330,-0.1281767955801105
2331,-0.1281767955801105
2332,-0.1281767955801105
2333,-0.1281767955801105
2334,-0.1281767955801105
2335,-0.1281767955801105
2336,-0.1281767955801105
2337,-0.1281767955801105
2338,-0.1281767955801105
2339,-0.1281767955801105
2340,-0.1281767955801105
2341,-0.1281767955801105
2342,-0.1281767955801105
2343,-0.1281767955801105
2344,-0.1281767955801105
2345,-0.1281767955801105
2346,-0.1281767955801105
2347,-0.1281767955801105
2348,-0.1281767955801105
2349,-0.1281767955801105
2350,-0.1281767955801105
2351,-0.1281767955801105
2352,-0.1281767955801105
2353,-0.1281767955801105
2354,-0.1281767955801105
2355,-0.1281767955801105
2356,-0.1281767955801105
2357,-0.1281767955801105
2358,-0.1281767955801105
2359,-0.1281767955801105
2360,-0.1281767955801105
2361,-0.1281767955801105
2362,-0.1281767955801105
2363,-0.1281767955801105
2364,-0.1281767955801105
2365,-0.1281767955801105
2366,-0.1281767955801105
2367,-0.1281767955801105
2368,-0.1281767955801105
2369,-0.1281767955801105
2370,-0.1281767955801105
2371,-0.1281767955801105
2372,-0.1281767955801105
2373,-0.1281767955801105
2374,-0.1281767955801105
2375,-0.1281767955801105
2376,-0.1281767955801105
2377,-0.1281767955801105
2378,0.8718232044198895
2379,-0.1281767955801105
2380,-0.1281767955801105
2381,-0.1281767955801105
2382,-0.1281767955801105
2383,-0.1281767955801105
2384,-0.1281767955801105
2385,-0.1281767955801105
2386,-0.1281767955801105
2387,-0.1281767955801105
2388,-0.1281767955801105
2389,-0.1281767955801105
2390,-0.1281767955801105
2391,-0.1281767955801105
2392,9.87182320441989
2393,7.87182320441989
2394,-0.1281767955801105
2395,-0.1281767955801105
2396,-0.1281767955801105
2397,-0.1281767955801105
2398,-0.1281767955801105
2399,-0.1281767955801105
2400,-0.1281767955801105
2401,-0.1281767955801105
2402,-0.1281767955801105
2403,-0.1281767955801105
2404,-0.1281767955801105
2405,-0.1281767955801105
2406,-0.1281767955801105
2407,-0.1281767955801105
2408,-0.1281767955801105
2409,-0.1281767955801105
2410,-0.1281767955801105
2411,-0.1281767955801105
2412,-0.1281767955801105
2413,-0.1281767955801105
2414,-0.1281767955801105
2415,-0.1281767955801105
2416,-0.1281767955801105
2417,-0.1281767955801105
2418,-0.1281767955801105
2419,-0.1281767955801105
2420,-0.1281767955801105
2421,-0.1281767955801105
2422,-0.1281767955801105
2423,-0.1281767955801105
2424,-0.1281767955801105
2425,-0.1281767955801105
2426,-0.1281767955801105
2427,-0.1281767955801105
2428,-0.1281767955801105
2429,-0.1281767955801105
2430,-0.1281767955801105
2431,-0.1281767955801105
2432,-0.1281767955801105
2433,-0.1281767955801105
2434,-0.1281767955801105
2435,-0.1281767955801105
2436,-0.1281767955801105
2437,-0.1281767955801105
2438,-0.1281767955801105
2439,-0.1281767955801105
2440,-0.1281767955801105
2441,-0.1281767955801105
2442,-0.1281767955801105
2443,-0.1281767955801105
2444,-0.1281767955801105
2445,-0.1281767955801105
2446,-0.1281767955801105
2447,-0.1281767955801105
2448,-0.1281767955801105
2449,-0.1281767955801105
2450,-0.1281767955801105
2451,-0.1281767955801105
2452,-0.1281767955801105
2453,-0.1281767955801105
2454,-0.1281767955801105
2455,-0.1281767955801105
2456,-0.1281767955801105
2457,-0.1281767955801105
2458,-0.1281767955801105
2459,-0.1281767955801105
2460,-0.1281767955801105
2461,-0.1281767955801105
2462,-0.1281767955801105
2463,-0.1281767955801105
2464,-0.1281767955801105
2465,-0.1281767955801105
2466,-0.1281767955801105
2467,-0.1281767955801105
2468,4.87182320441989
2469,-0.1281767955801105
2470,-0.1281767955801105
2471,-0.1281767955801105
2472,-0.1281767955801105
2473,-0.1281767955801105
2474,-0.1281767955801105
2475,-0.1281767955801105
2476,-0.1281767955801105
2477,-0.1281767955801105
2478,-0.1281767955801105
2479,-0.1281767955801105
2480,-0.1281767955801105
2481,-0.1281767955801105
2482,-0.1281767955801105
2483,-0.1281767955801105
2484,-0.1281767955801105
2485,-0.1281767955801105
2486,-0.1281767955801105
2487,-0.1281767955801105
2488,-0.1281767955801105
2489,-0.1281767955801105
2490,-0.1281767955801105
2491,-0.1281767955801105
2492,-0.1281767955801105
2493,-0.1281767955801105
2494,-0.1281767955801105
2495,-0.1281767955801105
2496,-0.1281767955801105
2497,-0.1281767955801105
2498,-0.1281767955801105
2499,-0.1281767955801105
2500,-0.1281767955801105
2501,-0.1281767955801105
2502,-0.1281767955801105
2503,-0.1281767955801105
2504,-0.1281767955801105
2505,-0.1281767955801105
2506,-0.1281767955801105
2507,-0.1281767955801105
2508,-0.1281767955801105
2509,-0.1281767955801105
2510,-0.1281767955801105
2511,-0.1281767955801105
2512,-0.1281767955801105
2513,-0.1281767955801105
2514,-0.1281767955801105
2515,-0.1281767955801105
2516,-0.1281767955801105
2517,-0.1281767955801105
2518,-0.1281767955801105
2519,-0.1281767955801105
2520,0.8718232044198895
2521,-0.1281767955801105
2522,-0.1281767955801105
2523,-0.1281767955801105
2524,-0.1281767955801105
2525,-0.1281767955801105
2526,-0.1281767955801105
2527,-0.1281767955801105
2528,-0.1281767955801105
2529,-0.1281767955801105
2530,-0.1281767955801105
2531,-0.1281767955801105
2532,-0.1281767955801105
2533,-0.1281767955801105
2534,-0.1281767955801105
2535,-0.1281767955801105
2536,-0.1281767955801105
2537,-0.1281767955801105
2538,-0.1281767955801105
2539,-0.1281767955801105
2540,-0.1281767955801105
2541,-0.1281767955801105
2542,-0.1281767955801105
2543,-0.1281767955801105
2544,-0.1281767955801105
2545,-0.1281767955801105
2546,-0.1281767955801105
2547,-0.1281767955801105
2548,-0.1281767955801105
2549,-0.1281767955801105
2550,-0.1281767955801105
2551,-0.1281767955801105
2552,-0.1281767955801105
2553,-0.1281767955801105
2554,-0.1281767955801105
2555,-0.1281767955801105
2556,-0.1281767955801105
2557,-0.1281767955801105
2558,-0.1281767955801105
2559,-0.1281767955801105
2560,-0.1281767955801105
2561,-0.1281767955801105
2562,-0.1281767955801105
2563,-0.1281767955801105
2564,-0.1281767955801105
2565,-0.1281767955801105
2566,-0.1281767955801105
2567,-0.1281767955801105
2568,-0.1281767955801105
2569,-0.1281767955801105
2570,-0.1281767955801105
2571,-0.1281767955801105
2572,-0.1281767955801105
2573,-0.1281767955801105
2574,-0.1281767955801105
2575,-0.1281767955801105
2576,-0.1281767955801105
2577,-0.1281767955801105
2578,-0.1281767955801105
2579,-0.1281767955801105
2580,-0.1281767955801105
2581,-0.1281767955801105
2582,-0.1281767955801105
2583,-0.1281767955801105
2584,-0.1281767955801105
2585,-0.1281767955801105
2586,-0.1281767955801105
2587,2.8718232044198895
2588,-0.1281767955801105
2589,-0.1281767955801105
2590,-0.1281767955801105
2591,-0.1281767955801105
2592,-0.1281767955801105
2593,-0.1281767955801105
2594,9.87182320441989
2595,-0.1281767955801105
2596,-0.1281767955801105
2597,-0.1281767955801105
2598,-0.1281767955801105
2599,-0.1281767955801105
2600,-0.1281767955801105
2601,-0.1281767955801105
2602,-0.1281767955801105
2603,-0.1281767955801105
2604,-0.1281767955801105
2605,-0.1281767955801105
2606,-0.1281767955801105
2607,-0.1281767955801105
2608,-0.1281767955801105
2609,-0.1281767955801105
2610,-0.1281767955801105
2611,-0.1281767955801105
2612,-0.1281767955801105
2613,-0.1281767955801105
2614,-0.1281767955801105
2615,-0.1281767955801105
2616,-0.1281767955801105
2617,-0.1281767955801105
2618,-0.1281767955801105
2619,-0.1281767955801105
2620,-0.1281767955801105
2621,-0.1281767955801105
2622,-0.1281767955801105
2623,-0.1281767955801105
2624,-0.1281767955801105
2625,-0.1281767955801105
2626,-0.1281767955801105
2627,-0.1281767955801105
2628,-0.1281767955801105
2629,-0.1281767955801105
2630,-0.1281767955801105
2631,-0.1281767955801105
2632,-0.1281767955801105
2633,-0.1281767955801105
2634,-0.1281767955801105
2635,-0.1281767955801105
2636,-0.1281767955801105
2637,-0.1281767955801105
2638,-0.1281767955801105
2639,-0.1281767955801105
2640,-0.1281767955801105
2641,-0.1281767955801105
2642,-0.1281767955801105
2643,-0.1281767955801105
2644,-0.1281767955801105
2645,-0.1281767955801105
2646,-0.1281767955801105
2647,-0.1281767955801105
2648,-0.1281767955801105
2649,-0.1281767955801105
2650,-0.1281767955801105
2651,-0.1281767955801105
2652,-0.1281767955801105
2653,-0.1281767955801105
2654,-0.1281767955801105
2655,-0.1281767955801105
2656,-0.1281767955801105
2657,-0.1281767955801105
2658,-0.1281767955801105
2659,-0.1281767955801105
2660,-0.1281767955801105
2661,-0.1281767955801105
2662,-0.1281767955801105
2663,0.8718232044198895
2664,-0.1281767955801105
2665,-0.1281767955801105
2666,-0.1281767955801105
2667,-0.1281767955801105
2668,-0.1281767955801105
2669,-0.1281767955801105
2670,-0.1281767955801105
2671,-0.1281767955801105
2672,-0.1281767955801105
2673,-0.1281767955801105
2674,-0.1281767955801105
2675,-0.1281767955801105
2676,-0.1281767955801105
2677,-0.1281767955801105
2678,-0.1281767955801105
2679,-0.1281767955801105
2680,-0.1281767955801105
2681,-0.1281767955801105
2682,3.8718232044198895
2683,-0.1281767955801105
2684,-0.1281767955801105
2685,-0.1281767955801105
2686,-0.1281767955801105
2687,-0.1281767955801105
2688,-0.1281767955801105
2689,-0.1281767955801105
2690,-0.1281767955801105
2691,-0.1281767955801105
2692,8.87182320441989
2693,-0.1281767955801105
2694,-0.1281767955801105
2695,-0.1281767955801105
2696,-0.1281767955801105
2697,-0.1281767955801105
2698,-0.1281767955801105
2699,-0.1281767955801105
2700,-0.1281767955801105
2701,-0.1281767955801105
2702,-0.1281767955801105
2703,-0.1281767955801105
2704,-0.1281767955801105
2705,-0.1281767955801105
2706,-0.1281767955801105
2707,-0.1281767955801105
2708,-0.1281767955801105
2709,-0.1281767955801105
2710,-0.1281767955801105
2711,-0.1281767955801105
2712,-0.1281767955801105
2713,-0.1281767955801105
2714,-0.1281767955801105
